id,first_name,last_name,email,phone,country,city,signup_date,plan,monthly_spend
1,Lars,Nilsson,lars.nilsson383@icloud.com,+72-388-9117856,UK,London,2025-12-12,pro,483.31
2,William,Watanabe,william.watanabe837@outlook.com,+41-701-3335529,Germany,Munich,2021-12-24,pro,297.11
3,Amelia,Karlsson,amelia.karlsson334@yahoo.com,+12-345-1563455,Canada,Toronto,2025-07-21,pro,42.06
4,Emma,Tanaka,emma.tanaka905@outlook.com,+24-331-7212219,Japan,Tokyo,2020-02-15,free,0.0
5,Sven,Watanabe,sven.watanabe34@outlook.com,,Japan,Tokyo,2024-09-17,free,0.0
6,Mia,Johansson,mia.johansson376@yahoo.com,+23-880-7718882,Japan,Tokyo,2023-04-09,enterprise,173.71
7,Lucas,Schneider,lucas.schneider371@gmail.com,+11-557-6478074,Canada,Vancouver,2023-05-28,free,0.0
8,Sven,Fischer,sven.fischer208@proton.me,+25-193-3015881,Denmark,Odense,2021-01-26,pro,496.01
9,Liam,Fischer,liam.fischer881@proton.me,,France,Toulouse,2024-03-12,free,0.0
10,Freya,Garcia,freya.garcia176@yahoo.com,+51-217-1133346,USA,New York,2020-01-15,pro,392.1
11,Astrid,Nilsson,astrid.nilsson449@yahoo.com,+59-103-5060530,Denmark,Copenhagen,2024-05-11,pro,256.37
12,Lucas,Tanaka,lucas.tanaka674@proton.me,+94-818-5030383,Norway,Oslo,2020-05-24,free,0.0
13,Ingrid,Watanabe,ingrid.watanabe192@icloud.com,+61-961-1355567,Sweden,Uppsala,2022-09-01,starter,80.93
14,Lucas,Johnson,lucas.johnson405@yahoo.com,+46-181-7077328,Sweden,Malmö,2023-10-29,free,0.0
15,Sven,Smith,sven.smith301@outlook.com,+16-640-2282518,Germany,Hamburg,2021-01-15,free,0.0
16,Emma,Jones,emma.jones904@icloud.com,+17-803-5704018,Canada,Vancouver,2020-02-02,pro,418.11
17,Oliver,Garcia,oliver.garcia401@outlook.com,+58-296-8195367,Germany,Munich,2024-11-15,enterprise,278.58
18,Elias,Fischer,elias.fischer182@proton.me,+11-383-4533652,Denmark,Aarhus,2022-07-19,free,0.0
19,Charlotte,Eriksson,charlotte.eriksson143@yahoo.com,+21-473-3748359,Germany,Hamburg,2023-12-25,starter,126.85
20,Lucas,Williams,lucas.williams748@gmail.com,+38-727-3877629,Germany,Frankfurt,2022-03-07,starter,245.65
21,Olivia,Fischer,olivia.fischer730@gmail.com,+80-176-1519172,Denmark,Odense,2021-01-11,enterprise,327.06
22,Amelia,Eriksson,amelia.eriksson768@gmail.com,+25-645-5538206,Norway,Bergen,2022-11-28,pro,399.27
23,William,Fischer,,+37-807-1769753,Sweden,Stockholm,2020-07-17,pro,492.43
24,Noah,Olsson,noah.olsson461@icloud.com,+5-741-3651686,Canada,Montreal,2023-10-30,pro,493.59
25,Lars,Miller,lars.miller278@proton.me,+58-949-5845669,Canada,Toronto,2021-09-19,pro,451.96
26,Isabella,Karlsson,isabella.karlsson890@yahoo.com,+59-701-5127340,Denmark,Copenhagen,2025-12-07,free,0.0
27,Isabella,Smith,isabella.smith886@gmail.com,,UK,Manchester,2020-10-02,enterprise,10.03
28,James,Fischer,james.fischer148@icloud.com,+46-129-6280021,UK,Manchester,2025-08-23,starter,216.56
29,Isabella,Olsson,isabella.olsson708@icloud.com,+86-144-1122085,Finland,Helsinki,2020-12-27,enterprise,334.48
30,Elias,Eriksson,elias.eriksson924@proton.me,+30-548-1562261,Denmark,Copenhagen,2022-10-30,starter,260.59
31,Oliver,Persson,oliver.persson867@outlook.com,+7-687-7205144,Finland,Espoo,2020-07-13,starter,203.38
32,Linnea,Nilsson,linnea.nilsson679@icloud.com,+4-964-2446760,Sweden,Malmö,2022-04-22,enterprise,34.49
33,Sven,Smith,,+2-138-8188178,Sweden,Uppsala,2020-08-01,enterprise,179.08
34,Oliver,Persson,oliver.persson822@icloud.com,+46-385-5368636,UK,Manchester,2023-06-09,free,0.0
35,Emma,Miller,emma.miller4@icloud.com,+29-880-6595583,Norway,Trondheim,2022-09-30,pro,378.94
36,Olivia,Jones,olivia.jones233@yahoo.com,+72-948-2350726,UK,Manchester,2024-02-18,pro,3.63
37,Elias,Jones,elias.jones134@yahoo.com,+32-445-3999496,Denmark,Odense,2022-08-07,starter,206.25
38,Freya,Karlsson,freya.karlsson338@gmail.com,+34-797-8046216,Japan,Kyoto,2020-12-24,pro,465.05
39,Magnus,Brown,magnus.brown626@outlook.com,,Germany,Munich,2022-11-22,enterprise,496.24
40,William,Fischer,william.fischer370@yahoo.com,+24-619-5520943,UK,Edinburgh,2020-02-17,pro,142.79
41,Ingrid,Eriksson,ingrid.eriksson161@outlook.com,+40-914-3044716,Japan,Tokyo,2025-04-15,pro,372.24
42,Isabella,Olsson,isabella.olsson269@outlook.com,+70-876-4726856,Japan,Kyoto,2020-09-18,starter,116.18
43,James,Takahashi,james.takahashi858@outlook.com,+18-276-4469967,Japan,Tokyo,2024-08-28,starter,493.32
44,Olivia,Garcia,olivia.garcia278@gmail.com,+7-265-8190170,Norway,Trondheim,2022-04-06,starter,160.9
45,Linnea,Davis,linnea.davis693@yahoo.com,+93-158-9544332,France,Paris,2025-08-02,pro,180.09
46,Isabella,Müller,isabella.müller335@icloud.com,+19-521-9668991,Canada,Toronto,2022-10-05,starter,205.64
47,Olivia,Jones,olivia.jones550@proton.me,+82-253-5425023,Canada,Toronto,2022-03-03,enterprise,267.01
48,Sven,Tanaka,sven.tanaka241@outlook.com,+57-602-1404409,Canada,Vancouver,2021-11-18,starter,40.62
49,Isabella,Johansson,isabella.johansson298@yahoo.com,+71-751-1263637,Finland,Espoo,2021-02-24,pro,81.5
50,Olivia,Jones,olivia.jones219@outlook.com,+12-107-7145282,Denmark,Copenhagen,2024-08-27,pro,412.3
51,Isabella,Schmidt,isabella.schmidt672@outlook.com,+5-523-3854080,France,Marseille,2023-08-20,enterprise,184.09
52,Noah,Brown,noah.brown25@outlook.com,+6-369-8043113,UK,Birmingham,2021-10-16,pro,227.05
53,Astrid,Eriksson,astrid.eriksson148@yahoo.com,+3-652-2360836,Sweden,Stockholm,2024-02-03,starter,175.71
54,Mia,Miller,mia.miller871@gmail.com,+31-119-1551675,Sweden,Malmö,2021-04-25,starter,395.23
55,Magnus,Garcia,magnus.garcia483@outlook.com,+57-650-9622000,Denmark,Odense,2025-01-30,enterprise,407.34
56,Elias,Andersson,elias.andersson941@yahoo.com,+2-531-3563814,France,Toulouse,2025-10-28,free,0.0
57,Mia,Miller,mia.miller431@gmail.com,+33-464-1646516,Japan,Osaka,2024-12-24,free,0.0
58,Lars,Davis,lars.davis802@proton.me,+36-804-9262954,UK,Manchester,2024-08-31,free,0.0
59,Astrid,Persson,astrid.persson746@icloud.com,+34-124-8860500,Germany,Hamburg,2021-01-13,free,0.0
60,Lars,Takahashi,lars.takahashi575@proton.me,,Canada,Montreal,2024-11-29,free,0.0
61,Amelia,Persson,amelia.persson66@gmail.com,+56-434-7589381,Denmark,Odense,2023-09-04,pro,76.13
62,Noah,Jones,noah.jones437@yahoo.com,+38-106-8571846,Japan,Kyoto,2023-08-10,enterprise,320.05
63,Sophia,Eriksson,sophia.eriksson320@outlook.com,+50-694-6414850,Germany,Munich,2024-10-04,enterprise,375.34
64,Magnus,Watanabe,magnus.watanabe547@gmail.com,+98-245-5828640,France,Marseille,2024-03-04,free,0.0
65,Mia,Jones,mia.jones311@proton.me,+74-177-2539786,Finland,Tampere,2024-03-11,enterprise,308.04
66,Magnus,Schneider,,+75-678-9380573,Denmark,Aarhus,2023-06-06,free,0.0
67,Elias,Williams,elias.williams531@outlook.com,+56-950-6604735,Germany,Frankfurt,2020-10-26,free,0.0
68,James,Eriksson,james.eriksson392@yahoo.com,+60-369-7902060,Japan,Osaka,2024-01-03,starter,97.72
69,Lars,Garcia,lars.garcia37@outlook.com,+34-734-3357686,Sweden,Malmö,2020-07-12,pro,154.89
70,Linnea,Eriksson,linnea.eriksson442@yahoo.com,+49-374-6665506,Denmark,Copenhagen,2021-08-24,free,0.0
71,Ava,Williams,ava.williams369@icloud.com,+99-595-6762493,France,Paris,2022-03-11,starter,13.0
72,Amelia,Schmidt,amelia.schmidt696@yahoo.com,+57-452-8315755,Canada,Vancouver,2020-05-31,free,0.0
73,James,Schneider,james.schneider284@gmail.com,+5-828-6274048,Sweden,Stockholm,2020-12-19,enterprise,363.22
74,Elias,Jones,elias.jones939@yahoo.com,+49-412-3921024,Norway,Oslo,2020-10-30,free,0.0
75,Sophia,Johnson,sophia.johnson275@icloud.com,+27-296-1351376,Finland,Tampere,2022-03-23,pro,139.97
76,Emma,Miller,emma.miller133@proton.me,+58-782-8634596,Japan,Tokyo,2024-04-17,pro,81.85
77,Isabella,Schneider,isabella.schneider754@icloud.com,+23-600-4578009,USA,San Francisco,2022-03-11,starter,123.38
78,Ingrid,Larsson,ingrid.larsson886@icloud.com,+16-430-1975128,UK,Edinburgh,2023-09-09,free,0.0
79,Erik,Karlsson,erik.karlsson21@outlook.com,+51-540-6305607,USA,San Francisco,2023-08-26,starter,432.42
80,Mia,Schneider,mia.schneider229@yahoo.com,+88-276-6939478,Sweden,Gothenburg,2021-02-15,enterprise,461.61
81,Noah,Olsson,noah.olsson681@icloud.com,+18-761-7847395,Canada,Montreal,2021-07-25,pro,26.18
82,Sophia,Miller,sophia.miller702@icloud.com,+22-689-1241303,Norway,Oslo,2022-11-12,starter,203.07
83,Lucas,Davis,lucas.davis334@outlook.com,+23-129-4226257,Sweden,Stockholm,2022-02-24,starter,189.37
84,Sven,Johnson,sven.johnson301@outlook.com,+86-922-7616196,Sweden,Stockholm,2021-09-19,pro,17.48
85,Lucas,Brown,lucas.brown499@outlook.com,+25-708-9268277,USA,New York,2021-02-15,enterprise,316.61
86,Charlotte,Williams,charlotte.williams218@proton.me,+64-319-1208363,Finland,Helsinki,2021-10-21,enterprise,187.78
87,Amelia,Tanaka,amelia.tanaka883@yahoo.com,+91-908-2848102,Canada,Montreal,2023-07-27,pro,232.6
88,Olivia,Jones,olivia.jones396@proton.me,+89-177-4833661,Denmark,Aarhus,2021-12-09,starter,478.75
89,Astrid,Miller,astrid.miller408@outlook.com,+21-700-5432969,UK,London,2020-05-12,pro,301.21
90,Freya,Schneider,freya.schneider638@gmail.com,+99-830-6774104,Sweden,Uppsala,2024-06-25,pro,389.58
91,Noah,Takahashi,noah.takahashi646@icloud.com,+48-836-9105511,Denmark,Copenhagen,2025-03-19,starter,58.62
92,Amelia,Brown,amelia.brown825@gmail.com,+29-628-5371462,Germany,Berlin,2020-11-09,enterprise,467.47
93,Charlotte,Olsson,,+5-997-9416993,Germany,Frankfurt,2023-03-20,starter,87.36
94,Amelia,Olsson,amelia.olsson25@icloud.com,,Norway,Oslo,2020-01-28,free,0.0
95,James,Johansson,james.johansson45@proton.me,+88-690-9600555,USA,San Francisco,2023-02-22,free,0.0
96,Emma,Schneider,emma.schneider654@yahoo.com,+45-933-2145590,Sweden,Uppsala,2020-09-22,enterprise,321.58
97,Oliver,Nilsson,oliver.nilsson118@icloud.com,+52-661-6809672,Finland,Helsinki,2022-02-05,starter,489.56
98,Sophia,Brown,sophia.brown589@proton.me,+20-697-8367057,Japan,Osaka,2025-11-27,starter,425.55
99,Lars,Schmidt,lars.schmidt675@gmail.com,+3-539-1394943,France,Paris,2023-08-29,pro,73.66
100,Ava,Takahashi,ava.takahashi234@gmail.com,+75-737-7978035,Germany,Frankfurt,2020-04-29,pro,8.71
101,Freya,Karlsson,freya.karlsson399@proton.me,+81-722-4542647,Norway,Bergen,2025-01-17,pro,426.63
102,William,Smith,william.smith531@proton.me,+36-771-3085780,France,Toulouse,2024-06-16,pro,127.19
103,Isabella,Watanabe,isabella.watanabe712@proton.me,+80-688-1138732,Canada,Vancouver,2024-07-08,enterprise,21.28
104,Elias,Müller,elias.müller651@proton.me,+49-546-6755135,Sweden,Stockholm,2021-11-14,enterprise,411.2
105,Lucas,Larsson,lucas.larsson266@gmail.com,+71-483-5020307,Sweden,Gothenburg,2022-06-24,free,0.0
106,Linnea,Eriksson,linnea.eriksson424@outlook.com,+68-547-6931316,Canada,Vancouver,2022-11-07,free,0.0
107,Mia,Takahashi,mia.takahashi156@icloud.com,+89-120-9053519,Finland,Tampere,2024-03-10,free,0.0
108,Linnea,Eriksson,linnea.eriksson186@yahoo.com,+18-259-9567518,Japan,Tokyo,2020-05-08,enterprise,487.11
109,Erik,Müller,erik.müller323@icloud.com,+4-429-3815756,Denmark,Copenhagen,2023-11-26,pro,48.84
110,Liam,Miller,liam.miller776@proton.me,+90-817-4720330,Canada,Vancouver,2024-09-13,free,0.0
111,Magnus,Johnson,magnus.johnson667@proton.me,+56-833-4332559,France,Marseille,2025-04-12,pro,295.73
112,Freya,Miller,freya.miller294@icloud.com,+62-818-5242575,UK,London,2025-12-23,pro,48.12
113,James,Jones,james.jones880@yahoo.com,+7-916-7641369,Denmark,Copenhagen,2023-02-24,free,0.0
114,Lucas,Suzuki,,+52-703-3905199,Finland,Espoo,2024-01-23,enterprise,419.12
115,Astrid,Jones,astrid.jones883@proton.me,,Japan,Osaka,2021-06-13,enterprise,488.57
116,Emma,Garcia,emma.garcia437@icloud.com,+19-295-5453355,USA,New York,2023-03-06,enterprise,141.12
117,Sophia,Eriksson,sophia.eriksson513@icloud.com,+33-181-6386296,USA,Austin,2023-06-22,pro,401.82
118,Sven,Nilsson,sven.nilsson188@icloud.com,+68-544-3259516,Japan,Osaka,2024-05-13,pro,28.15
119,Olivia,Tanaka,olivia.tanaka931@outlook.com,+35-512-8496051,USA,San Francisco,2022-08-14,free,0.0
120,Sven,Müller,,+91-491-9786901,Canada,Montreal,2022-07-26,pro,332.2
121,Noah,Takahashi,noah.takahashi924@yahoo.com,+28-625-4912542,Japan,Kyoto,2022-09-13,free,0.0
122,William,Suzuki,william.suzuki693@icloud.com,+71-318-6346873,Sweden,Gothenburg,2024-05-13,enterprise,459.25
123,Magnus,Jones,magnus.jones888@proton.me,+28-530-7143083,Canada,Vancouver,2024-01-20,starter,106.64
124,Mia,Davis,mia.davis568@proton.me,+62-415-1997399,Norway,Trondheim,2025-02-27,pro,320.3
125,Elias,Schmidt,elias.schmidt772@gmail.com,+94-380-9228020,Sweden,Stockholm,2023-07-27,enterprise,399.71
126,Lucas,Jones,lucas.jones241@proton.me,+21-927-6315749,UK,London,2025-11-03,starter,415.34
127,Isabella,Müller,isabella.müller960@outlook.com,+64-779-4269183,France,Toulouse,2021-08-29,starter,35.47
128,Noah,Takahashi,noah.takahashi566@outlook.com,+48-854-5578685,Sweden,Uppsala,2020-04-09,free,0.0
129,Elias,Olsson,elias.olsson135@proton.me,+50-126-2976249,Sweden,Stockholm,2025-09-29,starter,123.87
130,Ava,Larsson,ava.larsson394@icloud.com,+82-231-5461259,Sweden,Stockholm,2024-06-11,enterprise,408.92
131,Freya,Müller,freya.müller542@gmail.com,+31-604-8105815,Canada,Montreal,2020-11-18,starter,431.88
132,Isabella,Karlsson,isabella.karlsson6@proton.me,+41-652-3604367,Finland,Espoo,2020-10-03,starter,150.24
133,Sophia,Williams,sophia.williams93@yahoo.com,,Denmark,Copenhagen,2023-06-30,pro,137.68
134,Olivia,Larsson,olivia.larsson315@proton.me,+19-198-4678351,UK,Manchester,2021-12-03,enterprise,134.44
135,Magnus,Johnson,magnus.johnson781@outlook.com,,Sweden,Stockholm,2025-08-21,free,0.0
136,Emma,Brown,emma.brown707@yahoo.com,+78-214-3649430,Japan,Osaka,2020-02-20,free,0.0
137,James,Davis,james.davis889@proton.me,+23-370-5670340,Canada,Montreal,2022-06-24,enterprise,429.02
138,Sophia,Johnson,sophia.johnson321@icloud.com,+88-835-8236716,Canada,Vancouver,2021-04-17,enterprise,207.4
139,Charlotte,Karlsson,charlotte.karlsson433@outlook.com,+7-441-4993711,Japan,Tokyo,2024-07-23,free,0.0
140,Liam,Brown,liam.brown380@icloud.com,+12-121-3465865,Germany,Frankfurt,2024-07-04,free,0.0
141,Amelia,Davis,amelia.davis57@proton.me,+90-144-7026517,Denmark,Odense,2022-12-10,pro,328.46
142,Olivia,Andersson,olivia.andersson841@yahoo.com,+22-854-9587042,Germany,Berlin,2020-05-13,pro,375.47
143,Elias,Johnson,elias.johnson324@outlook.com,+75-605-3583187,USA,Chicago,2024-01-03,enterprise,437.82
144,William,Persson,william.persson75@gmail.com,+84-472-6132090,Sweden,Stockholm,2021-01-28,free,0.0
145,Magnus,Johnson,magnus.johnson715@outlook.com,+2-316-9175244,Sweden,Gothenburg,2023-07-16,enterprise,482.07
146,Ava,Takahashi,ava.takahashi914@yahoo.com,+96-457-4232131,Canada,Montreal,2024-04-02,pro,96.28
147,Olivia,Suzuki,olivia.suzuki371@outlook.com,+38-984-1525760,Canada,Vancouver,2024-10-15,enterprise,273.53
148,Erik,Müller,erik.müller360@icloud.com,+84-678-5378545,Finland,Espoo,2024-09-07,starter,146.24
149,Ingrid,Schneider,ingrid.schneider731@icloud.com,+49-148-3737591,Japan,Tokyo,2020-12-20,free,0.0
150,Elias,Jones,elias.jones495@yahoo.com,+99-540-2486323,Sweden,Stockholm,2022-02-11,starter,161.52
151,Amelia,Smith,amelia.smith527@outlook.com,+75-190-5592220,Canada,Toronto,2024-08-16,pro,39.14
152,Mia,Persson,mia.persson521@yahoo.com,+57-290-9004596,Finland,Helsinki,2025-07-10,enterprise,159.85
153,Ingrid,Andersson,ingrid.andersson371@outlook.com,+10-654-1935743,USA,New York,2023-03-25,pro,96.09
154,Oliver,Larsson,oliver.larsson538@outlook.com,+30-534-4652490,France,Toulouse,2021-07-22,starter,323.18
155,Ingrid,Johnson,ingrid.johnson272@proton.me,+48-522-8050396,USA,Austin,2023-10-11,pro,44.38
156,Ava,Persson,ava.persson431@outlook.com,+97-302-3565282,UK,Birmingham,2023-08-29,starter,129.68
157,Ingrid,Johansson,ingrid.johansson601@icloud.com,+76-797-1318369,Japan,Tokyo,2023-09-21,enterprise,36.72
158,Oliver,Eriksson,oliver.eriksson562@icloud.com,+97-142-6143321,Canada,Vancouver,2025-07-10,enterprise,50.04
159,Erik,Davis,erik.davis761@proton.me,+97-555-7083413,Denmark,Odense,2024-06-01,starter,403.73
160,Sven,Nilsson,sven.nilsson339@gmail.com,+86-951-3061738,Sweden,Gothenburg,2023-09-05,enterprise,187.98
161,Erik,Brown,erik.brown889@icloud.com,+18-174-8365370,Finland,Espoo,2024-12-17,starter,196.48
162,Oliver,Fischer,oliver.fischer624@proton.me,+60-720-9939680,Finland,Helsinki,2025-12-04,enterprise,106.13
163,Charlotte,Andersson,charlotte.andersson960@icloud.com,+3-619-9775092,France,Paris,2023-05-20,enterprise,224.21
164,Emma,Schmidt,emma.schmidt820@gmail.com,+29-532-9076038,Japan,Osaka,2020-04-04,starter,405.3
165,Linnea,Andersson,linnea.andersson360@outlook.com,+5-144-4674479,France,Marseille,2022-11-20,pro,23.39
166,Mia,Williams,mia.williams230@outlook.com,+15-123-4868086,Germany,Munich,2022-07-31,starter,479.95
167,Amelia,Miller,amelia.miller643@proton.me,+25-793-5159496,Finland,Helsinki,2021-01-27,free,0.0
168,Ingrid,Watanabe,ingrid.watanabe858@proton.me,+50-921-7934329,Sweden,Gothenburg,2023-03-24,starter,280.54
169,Freya,Olsson,freya.olsson813@icloud.com,+10-389-1053277,USA,San Francisco,2025-10-07,free,0.0
170,Erik,Davis,erik.davis264@proton.me,+34-908-8503936,Sweden,Gothenburg,2023-10-01,free,0.0
171,William,Eriksson,william.eriksson679@icloud.com,+6-687-3873212,UK,Edinburgh,2024-07-02,free,0.0
172,Emma,Smith,emma.smith853@gmail.com,+75-304-8857692,Germany,Frankfurt,2021-09-08,pro,296.32
173,Sophia,Miller,sophia.miller870@proton.me,+66-888-7237190,Denmark,Odense,2020-10-04,pro,79.1
174,Isabella,Johnson,isabella.johnson656@gmail.com,+66-769-2374660,UK,London,2024-09-21,starter,278.31
175,Amelia,Schneider,,+15-622-2775754,Sweden,Gothenburg,2025-12-02,free,0.0
176,Amelia,Suzuki,amelia.suzuki490@icloud.com,+29-234-3259585,Norway,Trondheim,2023-07-13,enterprise,310.12
177,Erik,Fischer,erik.fischer705@outlook.com,+81-180-5805870,Finland,Helsinki,2020-01-02,enterprise,215.3
178,Charlotte,Davis,charlotte.davis349@icloud.com,+18-506-8481845,France,Paris,2024-09-23,free,0.0
179,Emma,Larsson,emma.larsson995@gmail.com,+67-347-1971573,Finland,Tampere,2022-10-11,enterprise,308.52
180,Astrid,Takahashi,astrid.takahashi17@icloud.com,+71-308-8350883,Canada,Vancouver,2023-09-26,pro,258.87
181,Lars,Smith,lars.smith440@yahoo.com,+14-373-7090760,France,Lyon,2024-05-20,enterprise,365.16
182,Amelia,Persson,amelia.persson41@yahoo.com,+62-994-7581630,Sweden,Gothenburg,2020-06-26,starter,92.48
183,Linnea,Miller,linnea.miller633@outlook.com,+71-384-6590172,Finland,Espoo,2021-07-24,free,0.0
184,Lucas,Smith,lucas.smith565@icloud.com,+56-787-6516880,France,Lyon,2024-07-06,starter,234.44
185,Linnea,Nilsson,linnea.nilsson711@icloud.com,+46-680-6111906,USA,New York,2021-08-22,enterprise,97.4
186,Freya,Watanabe,freya.watanabe688@outlook.com,+86-955-6854854,Sweden,Stockholm,2024-03-28,starter,490.13
187,Erik,Suzuki,erik.suzuki469@gmail.com,+36-828-4013716,Sweden,Gothenburg,2025-01-18,enterprise,28.85
188,Erik,Smith,erik.smith246@proton.me,+84-738-7667458,Sweden,Uppsala,2023-10-13,starter,255.97
189,Lucas,Olsson,lucas.olsson237@yahoo.com,+40-771-1931099,Sweden,Uppsala,2022-03-09,pro,388.61
190,Sophia,Schneider,sophia.schneider433@proton.me,+55-853-9116557,Finland,Tampere,2024-10-15,pro,206.88
191,Lucas,Olsson,lucas.olsson931@outlook.com,+18-836-6856188,Finland,Espoo,2021-04-09,pro,144.47
192,Linnea,Brown,linnea.brown612@icloud.com,+12-454-9141916,UK,London,2021-12-15,free,0.0
193,Magnus,Müller,,+10-895-7761806,Norway,Trondheim,2020-01-08,free,0.0
194,James,Eriksson,james.eriksson650@yahoo.com,+65-497-3015998,Japan,Osaka,2023-01-26,enterprise,291.99
195,Ingrid,Takahashi,ingrid.takahashi997@gmail.com,+67-316-6746403,Germany,Berlin,2021-02-06,free,0.0
196,Noah,Fischer,noah.fischer581@outlook.com,+61-777-8904557,Japan,Tokyo,2023-08-21,pro,112.76
197,Isabella,Suzuki,isabella.suzuki318@yahoo.com,+49-235-2113803,Japan,Kyoto,2024-12-22,starter,229.23
198,Isabella,Nilsson,isabella.nilsson186@proton.me,+64-308-5695398,Norway,Oslo,2025-03-31,pro,365.44
199,Ingrid,Brown,ingrid.brown973@yahoo.com,+99-734-1778358,Norway,Oslo,2024-10-04,pro,454.93
200,Astrid,Schmidt,astrid.schmidt832@gmail.com,,Sweden,Stockholm,2021-01-03,starter,384.82
201,Mia,Williams,mia.williams560@proton.me,+19-570-5045463,UK,Manchester,2020-08-16,free,0.0
202,Olivia,Johansson,olivia.johansson758@outlook.com,+45-301-7425090,Denmark,Aarhus,2024-06-03,enterprise,431.04
203,James,Garcia,james.garcia746@icloud.com,+97-250-6698641,Denmark,Aarhus,2021-01-22,free,0.0
204,Magnus,Watanabe,magnus.watanabe756@icloud.com,+4-568-2248098,Denmark,Aarhus,2020-12-29,free,0.0
205,Mia,Johansson,mia.johansson977@icloud.com,+83-786-7241003,Finland,Helsinki,2022-03-12,starter,431.88
206,Sven,Davis,sven.davis641@icloud.com,+49-987-5522208,Finland,Helsinki,2021-01-04,starter,182.12
207,Mia,Garcia,mia.garcia658@gmail.com,+91-646-4469108,Germany,Hamburg,2022-10-04,free,0.0
208,Emma,Watanabe,emma.watanabe201@yahoo.com,+57-698-2356510,France,Paris,2024-07-12,enterprise,164.36
209,Isabella,Smith,isabella.smith534@proton.me,+33-656-9204338,UK,London,2020-07-05,starter,105.59
210,Ingrid,Johansson,ingrid.johansson6@proton.me,+24-807-2307660,Denmark,Odense,2023-01-14,enterprise,97.86
211,Olivia,Schneider,olivia.schneider811@proton.me,+95-526-4404796,Japan,Tokyo,2023-04-24,free,0.0
212,William,Watanabe,william.watanabe891@yahoo.com,+62-910-5511489,Denmark,Copenhagen,2023-05-12,starter,420.05
213,Astrid,Smith,astrid.smith706@outlook.com,+59-168-6889687,Germany,Berlin,2022-02-16,free,0.0
214,Sophia,Schmidt,sophia.schmidt427@gmail.com,+76-527-3348114,Finland,Helsinki,2024-09-27,pro,247.68
215,Linnea,Schneider,linnea.schneider580@gmail.com,+54-963-4021218,Germany,Frankfurt,2021-12-26,pro,161.1
216,Astrid,Larsson,astrid.larsson579@icloud.com,+92-131-1205587,Germany,Hamburg,2023-06-11,starter,191.47
217,Freya,Müller,freya.müller92@icloud.com,+19-682-1884469,Japan,Osaka,2020-05-31,starter,2.06
218,Ava,Nilsson,ava.nilsson181@yahoo.com,+29-364-1461490,Canada,Vancouver,2021-02-18,pro,273.62
219,Freya,Suzuki,freya.suzuki115@outlook.com,+11-689-3377382,Japan,Osaka,2023-07-11,free,0.0
220,Sophia,Fischer,sophia.fischer42@icloud.com,+84-668-6613091,Finland,Tampere,2022-07-01,pro,480.64
221,Elias,Schneider,elias.schneider122@gmail.com,+96-823-9667291,France,Lyon,2020-06-28,starter,346.72
222,Mia,Eriksson,mia.eriksson586@yahoo.com,+20-369-9028724,UK,London,2025-06-20,free,0.0
223,William,Smith,william.smith542@proton.me,+58-500-1274628,UK,Birmingham,2020-02-28,free,0.0
224,Lars,Williams,lars.williams232@gmail.com,+8-578-6575621,Germany,Berlin,2021-08-29,free,0.0
225,James,Suzuki,james.suzuki211@outlook.com,+47-420-5649982,USA,Austin,2024-11-18,enterprise,374.37
226,Erik,Takahashi,erik.takahashi834@yahoo.com,+19-608-7630650,Norway,Bergen,2024-09-02,enterprise,200.64
227,Charlotte,Schmidt,charlotte.schmidt699@proton.me,+86-448-5816885,USA,Austin,2020-11-02,enterprise,495.65
228,Ava,Andersson,ava.andersson882@icloud.com,+38-131-6092408,France,Toulouse,2022-07-28,starter,356.0
229,Oliver,Nilsson,oliver.nilsson361@icloud.com,+20-390-3112131,Norway,Bergen,2024-12-04,enterprise,465.06
230,Ingrid,Williams,ingrid.williams601@yahoo.com,+16-390-1742345,UK,Birmingham,2022-08-02,enterprise,282.84
231,Lucas,Williams,lucas.williams180@proton.me,+52-887-1593124,Canada,Montreal,2020-01-19,starter,289.9
232,Magnus,Smith,magnus.smith358@gmail.com,+26-756-3928939,Japan,Kyoto,2023-03-26,pro,464.81
233,Sophia,Fischer,sophia.fischer722@icloud.com,+97-401-1095048,Japan,Osaka,2025-08-28,starter,335.47
234,Isabella,Garcia,isabella.garcia699@icloud.com,+27-413-4894363,USA,New York,2021-09-14,pro,414.85
235,Noah,Brown,noah.brown689@gmail.com,+37-163-8435995,Norway,Bergen,2021-07-19,pro,141.96
236,Amelia,Williams,amelia.williams650@yahoo.com,,Germany,Frankfurt,2020-10-08,free,0.0
237,Astrid,Larsson,astrid.larsson457@icloud.com,+91-576-1114086,Canada,Toronto,2024-02-06,free,0.0
238,William,Persson,william.persson120@yahoo.com,+68-325-2462485,UK,Manchester,2020-01-21,pro,436.44
239,Liam,Watanabe,liam.watanabe880@icloud.com,+57-270-8739962,Germany,Frankfurt,2021-07-08,free,0.0
240,Charlotte,Johansson,charlotte.johansson668@yahoo.com,+68-913-1258056,Canada,Toronto,2020-12-31,starter,178.76
241,Magnus,Tanaka,magnus.tanaka986@icloud.com,+67-715-3771314,Norway,Oslo,2020-02-09,enterprise,58.95
242,Lars,Larsson,lars.larsson606@yahoo.com,+21-938-3623876,Sweden,Malmö,2021-03-24,enterprise,401.55
243,Charlotte,Miller,charlotte.miller7@yahoo.com,+8-113-8284423,USA,New York,2020-07-01,enterprise,199.09
244,James,Miller,james.miller960@yahoo.com,+63-637-2019949,France,Paris,2025-06-24,free,0.0
245,Sven,Brown,sven.brown734@proton.me,+5-179-7918680,Finland,Espoo,2024-08-07,starter,188.88
246,Isabella,Olsson,isabella.olsson671@gmail.com,+66-723-6393428,Norway,Trondheim,2022-03-28,free,0.0
247,Lars,Tanaka,lars.tanaka452@outlook.com,+52-456-5987635,Norway,Oslo,2025-12-27,enterprise,45.88
248,Erik,Andersson,erik.andersson743@outlook.com,+94-727-3415223,Finland,Tampere,2021-08-15,enterprise,287.28
249,Lucas,Schmidt,lucas.schmidt648@yahoo.com,+26-225-3302721,USA,New York,2021-11-20,starter,315.23
250,Emma,Williams,emma.williams58@icloud.com,+89-501-7310671,Canada,Vancouver,2024-02-27,starter,360.07
251,Lucas,Watanabe,lucas.watanabe488@yahoo.com,+94-122-5982074,Denmark,Copenhagen,2022-07-20,free,0.0
252,Sven,Persson,sven.persson636@outlook.com,+47-333-9951320,USA,Chicago,2022-08-13,enterprise,223.94
253,Lars,Tanaka,lars.tanaka692@gmail.com,+33-470-1262198,France,Toulouse,2020-11-10,free,0.0
254,Isabella,Brown,isabella.brown5@gmail.com,+81-709-6420081,UK,London,2022-10-15,starter,474.73
255,Oliver,Garcia,oliver.garcia545@outlook.com,+37-253-6901720,UK,London,2023-11-12,enterprise,110.22
256,James,Andersson,james.andersson777@outlook.com,+13-268-1507780,Germany,Munich,2023-11-25,free,0.0
257,Ava,Watanabe,ava.watanabe790@outlook.com,,Denmark,Odense,2023-07-21,starter,452.32
258,Sven,Davis,sven.davis789@yahoo.com,+17-424-9350106,Sweden,Uppsala,2025-12-05,starter,197.15
259,Oliver,Jones,oliver.jones98@icloud.com,+77-151-8076260,Canada,Vancouver,2021-10-17,starter,187.65
260,Lars,Watanabe,lars.watanabe405@gmail.com,+18-853-4559537,France,Toulouse,2023-09-15,starter,466.15
261,Freya,Brown,freya.brown214@proton.me,+37-844-2970739,USA,San Francisco,2023-03-17,free,0.0
262,Lucas,Karlsson,lucas.karlsson523@icloud.com,+20-167-6751069,Sweden,Gothenburg,2022-12-20,pro,421.77
263,Ava,Garcia,ava.garcia969@gmail.com,+98-165-4545500,Canada,Vancouver,2024-12-27,pro,232.92
264,Oliver,Schneider,oliver.schneider221@yahoo.com,+45-623-2327783,Japan,Osaka,2021-07-10,enterprise,276.24
265,Linnea,Suzuki,linnea.suzuki870@gmail.com,+24-413-9889335,UK,Birmingham,2023-10-03,starter,314.6
266,James,Persson,james.persson461@outlook.com,+64-776-9228140,UK,London,2023-02-21,pro,209.53
267,Freya,Brown,freya.brown706@outlook.com,+2-422-7771936,Norway,Oslo,2021-10-14,pro,463.79
268,Sophia,Müller,sophia.müller548@yahoo.com,+21-991-5928448,Norway,Trondheim,2024-09-26,starter,267.56
269,Liam,Persson,liam.persson618@icloud.com,+77-387-6476444,USA,Austin,2021-04-13,pro,73.58
270,Sven,Eriksson,sven.eriksson374@icloud.com,+46-634-2238951,France,Paris,2020-11-08,pro,294.67
271,Charlotte,Eriksson,charlotte.eriksson910@gmail.com,,UK,Edinburgh,2022-11-17,pro,461.96
272,Sophia,Garcia,sophia.garcia58@proton.me,+44-254-7251465,USA,Chicago,2022-01-29,free,0.0
273,Liam,Larsson,liam.larsson424@outlook.com,+77-878-6563682,USA,Austin,2022-08-24,enterprise,364.08
274,Lucas,Andersson,lucas.andersson587@icloud.com,+6-126-3195668,Canada,Toronto,2022-12-09,starter,58.39
275,Amelia,Karlsson,amelia.karlsson701@gmail.com,+80-660-6991568,Denmark,Odense,2020-10-08,free,0.0
276,Linnea,Nilsson,linnea.nilsson447@yahoo.com,+94-656-9258197,Japan,Kyoto,2020-02-28,starter,438.36
277,James,Olsson,james.olsson631@yahoo.com,+94-329-2492879,UK,Manchester,2025-04-27,starter,118.86
278,Amelia,Nilsson,amelia.nilsson164@proton.me,+10-732-5673521,Japan,Kyoto,2020-01-04,free,0.0
279,Mia,Johnson,mia.johnson980@icloud.com,+42-878-9959336,UK,Edinburgh,2023-02-21,enterprise,270.19
280,Noah,Davis,noah.davis673@outlook.com,+20-715-2157142,Germany,Hamburg,2022-07-01,pro,306.05
281,Ingrid,Persson,ingrid.persson667@outlook.com,+40-901-2025802,Denmark,Copenhagen,2020-10-09,pro,213.76
282,Mia,Schmidt,mia.schmidt316@proton.me,+35-636-5971172,Germany,Hamburg,2020-01-09,free,0.0
283,Sophia,Brown,,+4-369-3618722,Sweden,Uppsala,2021-12-27,enterprise,7.85
284,Amelia,Suzuki,amelia.suzuki803@gmail.com,+63-138-1575224,Japan,Kyoto,2024-11-15,pro,266.18
285,Olivia,Eriksson,olivia.eriksson459@proton.me,+88-192-1750081,Japan,Osaka,2025-03-29,enterprise,258.26
286,Oliver,Nilsson,oliver.nilsson821@icloud.com,+88-804-5038527,Sweden,Gothenburg,2022-09-08,starter,442.68
287,Noah,Smith,noah.smith907@outlook.com,+19-359-7405518,Denmark,Aarhus,2020-07-29,pro,499.25
288,Freya,Suzuki,freya.suzuki659@yahoo.com,+95-270-1078875,UK,Edinburgh,2025-09-28,enterprise,270.38
289,Amelia,Fischer,amelia.fischer983@gmail.com,+55-714-2625152,Germany,Berlin,2022-02-19,pro,172.2
290,Lars,Müller,lars.müller119@outlook.com,+23-747-5263380,Germany,Frankfurt,2020-11-04,pro,158.72
291,Lars,Takahashi,lars.takahashi766@icloud.com,+1-656-6668098,Finland,Tampere,2021-06-01,enterprise,56.33
292,Ingrid,Brown,ingrid.brown282@yahoo.com,+36-511-4287188,Norway,Trondheim,2020-04-24,free,0.0
293,Ingrid,Smith,,+80-967-6006960,Denmark,Odense,2023-12-04,enterprise,300.0
294,Charlotte,Persson,charlotte.persson397@outlook.com,+13-110-5379071,Japan,Osaka,2024-05-01,enterprise,11.47
295,Oliver,Suzuki,oliver.suzuki662@yahoo.com,+65-624-2876918,France,Paris,2025-12-19,pro,10.74
296,Amelia,Jones,amelia.jones645@gmail.com,+82-146-3952038,Japan,Osaka,2023-02-16,starter,479.93
297,Charlotte,Olsson,charlotte.olsson525@gmail.com,+82-172-5336012,Norway,Trondheim,2023-07-22,free,0.0
298,Noah,Larsson,noah.larsson851@icloud.com,+98-662-3057306,Norway,Bergen,2023-12-18,pro,371.07
299,Ingrid,Johnson,ingrid.johnson347@icloud.com,+42-702-3464299,Denmark,Aarhus,2023-03-23,pro,137.84
300,Noah,Suzuki,noah.suzuki449@outlook.com,+31-373-4765010,UK,Edinburgh,2022-03-22,pro,129.62
301,Oliver,Johansson,oliver.johansson206@icloud.com,+91-357-6350838,USA,San Francisco,2024-01-10,enterprise,48.22
302,Ava,Müller,ava.müller23@icloud.com,+50-847-1366585,USA,Chicago,2022-04-27,free,0.0
303,Liam,Schmidt,liam.schmidt967@proton.me,,Finland,Tampere,2021-12-30,starter,179.36
304,Oliver,Fischer,oliver.fischer163@proton.me,+32-952-4410875,UK,Edinburgh,2025-06-11,starter,451.45
305,Noah,Karlsson,noah.karlsson7@gmail.com,+28-473-1342322,France,Toulouse,2022-08-17,starter,189.9
306,Elias,Schmidt,elias.schmidt580@icloud.com,+70-476-1761746,Denmark,Aarhus,2025-05-13,free,0.0
307,Erik,Takahashi,erik.takahashi387@gmail.com,,UK,Edinburgh,2025-11-17,free,0.0
308,Isabella,Johansson,isabella.johansson934@yahoo.com,+6-813-8588730,Norway,Oslo,2023-01-31,free,0.0
309,Amelia,Miller,amelia.miller207@yahoo.com,+70-436-1020268,Denmark,Odense,2025-02-21,starter,163.82
310,Mia,Schmidt,mia.schmidt260@proton.me,+84-521-9383427,Norway,Trondheim,2023-08-10,free,0.0
311,Oliver,Persson,oliver.persson913@outlook.com,+34-107-1157823,Finland,Helsinki,2025-05-28,pro,272.63
312,Oliver,Smith,oliver.smith754@yahoo.com,,Germany,Munich,2023-03-17,pro,238.34
313,Olivia,Fischer,olivia.fischer811@yahoo.com,+53-347-9263787,Canada,Vancouver,2023-09-17,free,0.0
314,Ava,Jones,ava.jones464@outlook.com,+26-387-4771485,USA,San Francisco,2025-02-21,starter,466.89
315,Astrid,Garcia,astrid.garcia330@outlook.com,+2-864-2231665,Sweden,Stockholm,2020-01-17,enterprise,32.68
316,Sophia,Johnson,sophia.johnson462@gmail.com,+68-575-7190904,Germany,Hamburg,2025-01-22,enterprise,70.78
317,Astrid,Brown,astrid.brown796@icloud.com,+63-124-6601550,Japan,Osaka,2025-12-10,pro,295.87
318,Amelia,Andersson,amelia.andersson692@icloud.com,+51-700-6297338,Canada,Toronto,2022-09-02,starter,169.96
319,Astrid,Fischer,astrid.fischer304@outlook.com,+70-642-7984657,Finland,Tampere,2024-08-19,free,0.0
320,Oliver,Williams,oliver.williams416@icloud.com,+45-673-9842684,Canada,Montreal,2025-01-23,enterprise,487.68
321,Noah,Suzuki,noah.suzuki252@outlook.com,+70-797-5298358,Germany,Hamburg,2022-08-23,starter,214.44
322,Linnea,Jones,linnea.jones317@outlook.com,+27-681-5162536,Denmark,Aarhus,2021-04-09,starter,176.63
323,Mia,Brown,mia.brown356@gmail.com,+64-928-7028437,UK,Edinburgh,2021-01-18,starter,215.86
324,Freya,Larsson,freya.larsson286@icloud.com,+10-506-9430968,Denmark,Aarhus,2022-02-19,starter,38.55
325,Magnus,Brown,magnus.brown322@outlook.com,+31-972-1914199,Japan,Osaka,2025-01-28,free,0.0
326,Sophia,Larsson,sophia.larsson798@gmail.com,+20-839-1715987,USA,Chicago,2020-03-03,pro,97.54
327,Olivia,Johnson,olivia.johnson410@yahoo.com,+75-912-1706885,Sweden,Uppsala,2025-02-25,starter,473.24
328,Isabella,Takahashi,isabella.takahashi207@icloud.com,,Germany,Berlin,2020-02-25,starter,452.25
329,Linnea,Davis,linnea.davis572@yahoo.com,+82-885-4392647,UK,London,2024-10-15,enterprise,417.59
330,Olivia,Garcia,olivia.garcia179@gmail.com,+20-140-8800493,Germany,Berlin,2024-10-29,starter,399.92
331,Freya,Watanabe,freya.watanabe443@icloud.com,+16-833-6165626,Japan,Kyoto,2025-02-20,enterprise,39.15
332,Linnea,Nilsson,linnea.nilsson41@proton.me,+67-144-3943817,Norway,Trondheim,2021-04-23,starter,488.69
333,Olivia,Johnson,olivia.johnson61@proton.me,+33-603-1644501,Norway,Bergen,2020-06-07,starter,479.46
334,Astrid,Olsson,astrid.olsson618@gmail.com,+14-780-4742669,Sweden,Gothenburg,2021-04-14,starter,343.06
335,Oliver,Garcia,oliver.garcia16@icloud.com,+46-665-5412783,Japan,Kyoto,2022-04-09,free,0.0
336,Lars,Schneider,lars.schneider961@outlook.com,+5-334-7984790,Sweden,Gothenburg,2021-08-09,enterprise,256.88
337,Ava,Schmidt,ava.schmidt314@gmail.com,+33-832-9126219,Germany,Hamburg,2023-08-29,starter,242.98
338,James,Olsson,james.olsson102@gmail.com,+37-271-9478702,Japan,Kyoto,2025-05-19,pro,176.22
339,Sophia,Schmidt,sophia.schmidt555@outlook.com,+17-839-6018212,Norway,Oslo,2022-08-02,pro,152.59
340,James,Olsson,james.olsson250@proton.me,+60-611-7193098,Finland,Espoo,2024-11-25,pro,151.8
341,Lars,Watanabe,lars.watanabe733@proton.me,+78-234-1810519,Japan,Kyoto,2021-05-14,pro,257.73
342,Elias,Suzuki,elias.suzuki566@gmail.com,+67-797-2213961,Sweden,Malmö,2022-02-04,pro,300.88
343,Ingrid,Fischer,ingrid.fischer713@yahoo.com,+84-508-2764043,Finland,Tampere,2025-06-09,pro,296.16
344,Isabella,Olsson,isabella.olsson935@icloud.com,+37-493-8227891,Germany,Berlin,2024-05-28,pro,111.16
345,James,Schmidt,james.schmidt191@gmail.com,+6-779-8714680,Norway,Bergen,2021-07-29,free,0.0
346,Isabella,Schmidt,isabella.schmidt456@outlook.com,+48-436-9930198,Germany,Frankfurt,2024-05-29,enterprise,69.78
347,Astrid,Schneider,astrid.schneider375@yahoo.com,+82-894-1862273,Sweden,Stockholm,2021-01-19,pro,366.77
348,Ava,Suzuki,ava.suzuki230@proton.me,+9-857-2601767,UK,London,2020-09-18,enterprise,296.55
349,Lucas,Suzuki,lucas.suzuki803@icloud.com,+74-230-8363643,USA,Austin,2020-07-26,enterprise,173.61
350,Amelia,Nilsson,amelia.nilsson517@icloud.com,+93-846-7249234,Sweden,Uppsala,2020-12-13,free,0.0
351,Oliver,Müller,oliver.müller291@icloud.com,+11-339-2227419,Norway,Bergen,2022-05-19,free,0.0
352,Charlotte,Schneider,charlotte.schneider381@outlook.com,+2-186-9139606,Norway,Trondheim,2021-08-13,free,0.0
353,Mia,Fischer,mia.fischer837@proton.me,+23-499-7550258,Sweden,Gothenburg,2024-07-09,free,0.0
354,Freya,Suzuki,freya.suzuki300@yahoo.com,+51-887-8979250,Japan,Kyoto,2020-11-10,enterprise,12.95
355,Lucas,Andersson,lucas.andersson323@yahoo.com,+12-740-4589764,Finland,Tampere,2025-02-19,free,0.0
356,Oliver,Tanaka,oliver.tanaka637@icloud.com,+45-384-9609426,Sweden,Stockholm,2024-01-15,pro,379.34
357,Sven,Williams,,+65-342-3733629,Canada,Vancouver,2025-03-12,free,0.0
358,Linnea,Miller,linnea.miller974@proton.me,+45-402-8556831,Germany,Frankfurt,2023-09-18,free,0.0
359,Astrid,Schmidt,astrid.schmidt356@proton.me,+8-854-6985462,Japan,Tokyo,2024-02-05,starter,389.69
360,Mia,Schneider,mia.schneider805@icloud.com,+85-838-1497933,Norway,Bergen,2025-05-11,free,0.0
361,Amelia,Davis,,+7-268-9976933,Sweden,Uppsala,2024-12-02,pro,64.68
362,Ava,Eriksson,ava.eriksson881@icloud.com,+29-734-1692379,France,Paris,2024-01-31,free,0.0
363,Ingrid,Nilsson,ingrid.nilsson679@gmail.com,+24-118-1131821,Sweden,Malmö,2021-12-11,starter,344.61
364,Isabella,Olsson,isabella.olsson989@yahoo.com,+72-759-8569782,Germany,Hamburg,2021-06-21,free,0.0
365,Lars,Garcia,lars.garcia268@proton.me,+10-538-9660716,Canada,Montreal,2023-09-26,pro,238.6
366,Lars,Williams,lars.williams497@gmail.com,+3-684-8357859,France,Marseille,2021-04-28,enterprise,465.43
367,Astrid,Suzuki,astrid.suzuki928@icloud.com,,Finland,Helsinki,2021-09-24,starter,89.92
368,Freya,Williams,freya.williams870@proton.me,,Germany,Munich,2023-06-29,pro,218.81
369,Linnea,Fischer,linnea.fischer194@gmail.com,+69-630-4054452,UK,Edinburgh,2021-03-20,pro,57.01
370,Lucas,Olsson,lucas.olsson497@icloud.com,+94-886-4192250,France,Toulouse,2025-03-02,starter,33.89
371,Astrid,Persson,astrid.persson10@proton.me,+91-683-8137884,Japan,Tokyo,2023-01-03,starter,243.6
372,Sophia,Watanabe,,+78-580-3199795,Denmark,Aarhus,2024-08-27,free,0.0
373,Lars,Schmidt,lars.schmidt753@proton.me,+24-994-3592675,Japan,Osaka,2020-12-10,pro,260.52
374,Sophia,Karlsson,sophia.karlsson216@yahoo.com,+20-358-5830110,Finland,Helsinki,2022-02-04,starter,96.89
375,Sven,Johansson,,+38-768-5927988,Sweden,Stockholm,2020-10-26,pro,22.75
376,Lars,Johnson,lars.johnson906@proton.me,+48-206-8553228,Germany,Hamburg,2025-06-14,free,0.0
377,Freya,Johansson,freya.johansson857@gmail.com,+9-572-2719850,USA,San Francisco,2025-05-23,pro,172.81
378,Magnus,Williams,magnus.williams893@proton.me,+74-256-6300176,France,Lyon,2021-03-16,pro,123.07
379,Isabella,Eriksson,isabella.eriksson976@yahoo.com,+79-777-8388414,Canada,Montreal,2021-08-01,free,0.0
380,Sven,Eriksson,sven.eriksson435@gmail.com,,Germany,Munich,2021-11-27,free,0.0
381,Lars,Takahashi,lars.takahashi167@outlook.com,+9-895-7151511,Denmark,Aarhus,2024-06-23,free,0.0
382,Erik,Davis,erik.davis813@yahoo.com,+21-771-7633464,Norway,Bergen,2021-08-18,starter,116.18
383,Sophia,Schmidt,sophia.schmidt727@outlook.com,+78-532-9248728,Japan,Kyoto,2020-06-30,free,0.0
384,Oliver,Johnson,oliver.johnson191@gmail.com,+35-218-7563105,Germany,Frankfurt,2024-02-29,enterprise,290.49
385,Linnea,Olsson,linnea.olsson67@proton.me,+70-186-9380778,Finland,Tampere,2025-01-21,pro,36.37
386,Liam,Garcia,liam.garcia614@yahoo.com,+35-538-8315423,France,Toulouse,2022-01-15,free,0.0
387,Freya,Persson,freya.persson401@icloud.com,+82-415-5729794,Denmark,Copenhagen,2021-04-14,starter,216.03
388,Freya,Jones,freya.jones13@proton.me,+70-890-7151947,Canada,Toronto,2023-11-13,pro,137.48
389,Liam,Johnson,liam.johnson640@proton.me,+42-685-4033032,Germany,Hamburg,2020-08-04,enterprise,82.32
390,Ava,Andersson,,+71-208-9658855,Japan,Tokyo,2025-06-22,starter,62.54
391,James,Schmidt,,+96-722-1405424,Finland,Espoo,2023-11-06,enterprise,369.61
392,Mia,Miller,,+6-156-8478771,Denmark,Aarhus,2022-01-08,free,0.0
393,Linnea,Andersson,linnea.andersson942@proton.me,+98-329-9348551,Denmark,Aarhus,2020-01-22,enterprise,164.85
394,Charlotte,Persson,charlotte.persson107@yahoo.com,+5-283-5800001,Japan,Kyoto,2020-11-16,enterprise,220.04
395,Mia,Brown,mia.brown188@outlook.com,+15-972-6347195,USA,San Francisco,2020-11-06,enterprise,248.75
396,Charlotte,Brown,charlotte.brown553@gmail.com,+42-130-7973701,Sweden,Gothenburg,2023-10-28,enterprise,101.47
397,Lucas,Schneider,lucas.schneider194@outlook.com,+77-381-5977074,Norway,Oslo,2021-05-03,enterprise,410.56
398,Oliver,Brown,oliver.brown269@yahoo.com,+2-856-6674283,Finland,Helsinki,2023-09-25,starter,158.2
399,Charlotte,Williams,charlotte.williams757@yahoo.com,+56-409-1453674,Japan,Tokyo,2020-10-27,free,0.0
400,Noah,Johnson,noah.johnson601@gmail.com,+67-685-2350316,Canada,Vancouver,2022-10-17,free,0.0
401,Elias,Müller,elias.müller538@proton.me,+41-579-3763373,Finland,Helsinki,2024-10-11,starter,325.01
402,Amelia,Schneider,amelia.schneider23@icloud.com,+56-925-6078279,Denmark,Odense,2025-01-31,enterprise,420.59
403,Emma,Karlsson,emma.karlsson995@icloud.com,+19-829-4760344,Japan,Osaka,2021-07-07,enterprise,191.15
404,Noah,Andersson,noah.andersson838@proton.me,+5-571-5773181,Denmark,Aarhus,2023-12-16,enterprise,465.36
405,James,Miller,james.miller336@yahoo.com,+74-573-9361137,Finland,Espoo,2020-11-23,pro,48.06
406,Emma,Jones,emma.jones519@yahoo.com,+1-862-8769594,Norway,Trondheim,2025-08-06,enterprise,135.19
407,Freya,Nilsson,freya.nilsson51@yahoo.com,+93-655-6283669,France,Toulouse,2025-10-02,free,0.0
408,Mia,Smith,mia.smith25@yahoo.com,+63-518-3859411,Denmark,Aarhus,2024-04-30,starter,449.87
409,William,Miller,william.miller606@gmail.com,+28-100-2573696,Denmark,Odense,2025-12-31,pro,227.55
410,Olivia,Garcia,olivia.garcia109@outlook.com,+1-672-3395812,Finland,Tampere,2025-06-22,enterprise,454.27
411,Astrid,Fischer,astrid.fischer65@yahoo.com,+89-976-9303786,Canada,Vancouver,2025-11-12,free,0.0
412,Lucas,Schneider,lucas.schneider746@icloud.com,+70-964-7128572,Canada,Montreal,2021-03-16,starter,151.78
413,Astrid,Miller,astrid.miller168@outlook.com,+81-777-5234799,Finland,Tampere,2021-11-25,starter,377.58
414,Isabella,Karlsson,isabella.karlsson338@outlook.com,+45-217-3378903,Finland,Espoo,2022-12-02,starter,156.17
415,Oliver,Johansson,oliver.johansson357@icloud.com,+60-846-1312509,Norway,Bergen,2021-05-12,pro,259.38
416,Olivia,Fischer,olivia.fischer235@gmail.com,+66-784-5423030,France,Toulouse,2021-07-03,enterprise,491.16
417,Mia,Olsson,mia.olsson609@icloud.com,+62-218-7904784,Canada,Toronto,2020-11-08,free,0.0
418,Charlotte,Schneider,charlotte.schneider718@yahoo.com,+19-381-5836719,Sweden,Uppsala,2021-02-25,free,0.0
419,Lars,Jones,lars.jones113@proton.me,+92-578-8132229,Norway,Oslo,2023-03-14,pro,348.85
420,James,Schmidt,james.schmidt814@proton.me,+89-124-2009170,Norway,Bergen,2023-08-11,free,0.0
421,Lars,Olsson,lars.olsson887@outlook.com,+62-428-1783046,Canada,Montreal,2025-01-21,enterprise,75.29
422,Amelia,Persson,amelia.persson468@outlook.com,+99-984-6230365,Germany,Berlin,2025-03-11,enterprise,206.69
423,Magnus,Takahashi,magnus.takahashi626@icloud.com,+91-412-7222849,Norway,Bergen,2024-06-14,pro,224.13
424,Mia,Jones,mia.jones314@outlook.com,+96-714-6613587,Denmark,Odense,2023-04-05,starter,134.64
425,Erik,Tanaka,erik.tanaka590@proton.me,+67-490-5475949,Germany,Munich,2022-12-26,starter,288.99
426,Lars,Suzuki,lars.suzuki925@proton.me,+93-297-6090478,USA,San Francisco,2020-09-23,pro,299.83
427,Emma,Davis,emma.davis656@proton.me,+31-609-2691644,Norway,Bergen,2025-11-07,pro,81.25
428,William,Larsson,william.larsson371@icloud.com,+7-521-2946314,France,Toulouse,2020-04-27,free,0.0
429,Linnea,Olsson,linnea.olsson911@yahoo.com,+18-101-9206072,USA,Austin,2025-02-20,pro,482.5
430,Elias,Karlsson,elias.karlsson472@proton.me,+77-155-5199742,USA,Chicago,2020-04-13,pro,438.5
431,Amelia,Karlsson,amelia.karlsson365@gmail.com,+86-617-4535115,Denmark,Aarhus,2024-08-22,enterprise,393.57
432,Emma,Brown,emma.brown987@icloud.com,+59-227-3760650,Sweden,Uppsala,2020-07-15,enterprise,48.34
433,Liam,Davis,liam.davis663@icloud.com,+49-511-5633019,Japan,Osaka,2022-08-19,enterprise,272.88
434,Liam,Garcia,liam.garcia488@icloud.com,+46-446-8855830,USA,San Francisco,2023-06-08,starter,395.64
435,Magnus,Andersson,magnus.andersson833@icloud.com,+57-701-8728934,UK,Edinburgh,2023-03-09,enterprise,121.07
436,Noah,Takahashi,noah.takahashi553@icloud.com,+24-106-2678399,France,Marseille,2020-02-16,starter,447.97
437,Magnus,Jones,magnus.jones134@outlook.com,+44-723-1578821,USA,New York,2025-08-03,enterprise,392.26
438,Charlotte,Watanabe,charlotte.watanabe627@proton.me,+88-903-9967407,UK,London,2025-11-06,starter,356.0
439,Sven,Nilsson,sven.nilsson460@icloud.com,+55-899-7393853,Canada,Toronto,2020-04-14,free,0.0
440,Sophia,Persson,sophia.persson436@proton.me,+25-612-2498340,Canada,Vancouver,2021-02-16,enterprise,293.83
441,Lars,Williams,lars.williams183@gmail.com,+56-456-3706243,Sweden,Uppsala,2025-10-06,enterprise,460.96
442,Lars,Tanaka,lars.tanaka565@proton.me,+28-502-9184389,Japan,Osaka,2025-02-05,starter,212.96
443,Linnea,Miller,linnea.miller655@icloud.com,,Germany,Frankfurt,2021-03-22,starter,198.33
444,Lucas,Johansson,lucas.johansson288@icloud.com,+55-163-4360667,USA,Austin,2023-10-17,enterprise,46.97
445,Liam,Schmidt,liam.schmidt220@outlook.com,+70-130-9129526,USA,Chicago,2023-04-09,pro,174.96
446,Magnus,Larsson,magnus.larsson731@icloud.com,+51-390-2080457,Germany,Hamburg,2021-07-29,free,0.0
447,Mia,Schmidt,mia.schmidt787@icloud.com,+14-532-2649580,Norway,Trondheim,2023-04-25,starter,479.86
448,Charlotte,Müller,charlotte.müller410@outlook.com,+26-465-1737674,UK,Manchester,2020-06-16,enterprise,265.77
449,Ava,Müller,ava.müller897@outlook.com,+62-397-3064480,Canada,Montreal,2023-04-21,enterprise,461.06
450,Elias,Miller,elias.miller628@icloud.com,+1-560-3227884,Denmark,Odense,2025-09-20,starter,385.26
451,Sven,Johansson,sven.johansson972@icloud.com,+66-617-1265104,USA,Chicago,2024-05-29,enterprise,187.29
452,Elias,Schmidt,elias.schmidt664@outlook.com,+34-425-4743412,Germany,Hamburg,2023-01-11,enterprise,141.7
453,Emma,Miller,emma.miller414@outlook.com,+80-687-6405681,Finland,Helsinki,2023-10-14,enterprise,474.67
454,Lucas,Persson,lucas.persson435@icloud.com,+26-244-3285220,France,Lyon,2021-07-25,free,0.0
455,Ava,Tanaka,ava.tanaka206@proton.me,+93-914-6733284,UK,Edinburgh,2025-06-14,enterprise,73.94
456,Mia,Miller,mia.miller867@proton.me,+28-510-1567489,France,Lyon,2023-07-09,starter,433.65
457,Liam,Eriksson,liam.eriksson694@proton.me,+30-319-3153538,Germany,Berlin,2025-10-15,free,0.0
458,Sophia,Watanabe,sophia.watanabe8@gmail.com,+43-346-9265388,France,Toulouse,2020-06-17,free,0.0
459,Elias,Olsson,elias.olsson257@icloud.com,+72-427-5983268,Finland,Helsinki,2022-05-19,free,0.0
460,Lucas,Jones,lucas.jones266@outlook.com,+51-166-2773020,Sweden,Malmö,2025-09-21,starter,335.68
461,Charlotte,Schmidt,charlotte.schmidt243@icloud.com,,UK,London,2024-02-12,free,0.0
462,Oliver,Garcia,oliver.garcia723@yahoo.com,+41-642-8051409,Canada,Vancouver,2021-06-21,enterprise,370.49
463,James,Nilsson,james.nilsson112@proton.me,+27-197-4131975,France,Lyon,2022-07-25,enterprise,16.84
464,Sven,Garcia,sven.garcia807@icloud.com,+35-346-7973992,Norway,Bergen,2020-05-19,free,0.0
465,Charlotte,Müller,charlotte.müller702@outlook.com,+96-999-4721750,Sweden,Stockholm,2022-02-06,pro,243.47
466,Sven,Eriksson,sven.eriksson244@gmail.com,+99-899-7598118,Sweden,Uppsala,2022-03-03,free,0.0
467,Noah,Suzuki,noah.suzuki100@proton.me,+5-109-8691946,USA,Chicago,2021-01-20,pro,224.76
468,Mia,Smith,mia.smith834@outlook.com,+77-293-7162796,Sweden,Malmö,2023-09-06,starter,390.21
469,Emma,Takahashi,emma.takahashi571@icloud.com,+97-862-3992840,Japan,Tokyo,2022-09-08,enterprise,482.64
470,Lucas,Tanaka,lucas.tanaka12@proton.me,+64-548-9696048,Sweden,Gothenburg,2021-04-12,starter,379.2
471,Ingrid,Suzuki,ingrid.suzuki414@yahoo.com,+63-872-3790253,Norway,Bergen,2025-08-25,starter,314.78
472,Magnus,Smith,magnus.smith451@proton.me,+18-660-4874625,Denmark,Odense,2021-02-08,starter,250.04
473,Olivia,Persson,olivia.persson820@yahoo.com,+51-228-2089351,Norway,Oslo,2025-01-19,starter,138.75
474,Lars,Fischer,lars.fischer590@icloud.com,+64-229-7815358,UK,Edinburgh,2025-05-15,enterprise,220.09
475,Charlotte,Miller,charlotte.miller165@icloud.com,+16-992-7927050,Denmark,Odense,2021-09-25,enterprise,144.75
476,William,Garcia,william.garcia721@yahoo.com,+79-837-8553470,Norway,Bergen,2020-05-03,enterprise,51.34
477,Linnea,Johansson,linnea.johansson512@yahoo.com,+71-355-3296882,Canada,Montreal,2025-01-05,pro,140.07
478,Lars,Jones,lars.jones300@icloud.com,+11-325-8120993,Sweden,Stockholm,2025-11-09,enterprise,433.88
479,Oliver,Smith,,+87-608-5629266,Canada,Toronto,2022-12-09,enterprise,15.72
480,Erik,Watanabe,erik.watanabe14@gmail.com,+96-345-8990471,France,Lyon,2023-02-03,starter,397.5
481,Magnus,Andersson,magnus.andersson537@yahoo.com,+69-971-5405379,Norway,Trondheim,2021-11-13,enterprise,385.34
482,Charlotte,Olsson,charlotte.olsson231@gmail.com,+58-399-4378821,USA,Austin,2025-08-23,enterprise,73.51
483,Ingrid,Brown,ingrid.brown542@outlook.com,+15-582-5601026,Canada,Montreal,2023-11-25,enterprise,437.59
484,Olivia,Persson,olivia.persson130@icloud.com,+33-666-6297936,Norway,Bergen,2021-05-06,enterprise,136.33
485,Sophia,Persson,sophia.persson279@outlook.com,+62-681-7061117,Denmark,Odense,2023-06-17,enterprise,140.43
486,Astrid,Jones,astrid.jones778@proton.me,+43-569-2623638,USA,Chicago,2022-12-01,pro,285.08
487,Mia,Müller,mia.müller420@gmail.com,+53-872-7281563,France,Paris,2023-01-24,free,0.0
488,Sven,Davis,sven.davis671@gmail.com,+49-674-4754353,Canada,Toronto,2020-09-18,pro,209.37
489,Liam,Johansson,liam.johansson399@proton.me,+14-604-3290144,Sweden,Stockholm,2020-07-03,free,0.0
490,Lucas,Tanaka,lucas.tanaka949@gmail.com,+47-209-5204130,USA,New York,2024-01-11,free,0.0
491,Liam,Eriksson,liam.eriksson192@gmail.com,+35-488-9787771,Finland,Espoo,2025-01-17,pro,138.7
492,Astrid,Suzuki,astrid.suzuki601@icloud.com,+62-862-4933134,Denmark,Aarhus,2020-04-30,free,0.0
493,Isabella,Smith,isabella.smith409@proton.me,+28-127-3522509,Canada,Toronto,2025-09-07,starter,67.08
494,Olivia,Suzuki,olivia.suzuki872@proton.me,+38-178-5651792,France,Marseille,2021-01-29,starter,374.68
495,Sven,Johnson,sven.johnson494@yahoo.com,+39-866-1165321,Norway,Bergen,2021-07-29,pro,464.16
496,William,Karlsson,william.karlsson452@proton.me,+39-766-8487229,Denmark,Copenhagen,2021-10-18,free,0.0
497,William,Takahashi,william.takahashi337@gmail.com,+10-374-4538496,Germany,Hamburg,2020-08-07,enterprise,335.56
498,Olivia,Larsson,olivia.larsson227@gmail.com,+70-130-3059145,Canada,Vancouver,2025-10-29,starter,312.81
499,Linnea,Larsson,linnea.larsson13@gmail.com,+75-947-1439736,UK,London,2021-09-28,pro,477.95
500,Ingrid,Takahashi,,+37-209-4734884,USA,New York,2023-03-23,enterprise,9.46
501,Olivia,Johnson,olivia.johnson949@icloud.com,+19-290-4761440,Canada,Montreal,2021-07-28,enterprise,194.67
502,Liam,Jones,liam.jones134@proton.me,+85-217-2241958,Finland,Helsinki,2023-12-21,starter,90.91
503,Magnus,Miller,magnus.miller222@icloud.com,+63-628-2329009,Denmark,Copenhagen,2021-02-26,enterprise,11.59
504,William,Johnson,william.johnson544@icloud.com,+72-363-1427833,France,Toulouse,2022-06-29,starter,122.75
505,Magnus,Fischer,magnus.fischer151@proton.me,+79-125-2876139,France,Toulouse,2021-05-25,enterprise,122.89
506,James,Larsson,james.larsson322@yahoo.com,+64-700-9298645,Canada,Montreal,2023-12-12,pro,35.0
507,Astrid,Persson,astrid.persson672@icloud.com,+91-234-8109390,Denmark,Odense,2023-11-06,pro,230.87
508,Magnus,Smith,magnus.smith705@yahoo.com,+15-283-8732558,Norway,Trondheim,2023-02-09,enterprise,4.08
509,Astrid,Jones,astrid.jones670@outlook.com,+31-424-7688325,Norway,Oslo,2023-05-31,free,0.0
510,Sophia,Schneider,sophia.schneider223@gmail.com,+12-188-9006610,Finland,Tampere,2024-01-14,enterprise,462.56
511,Charlotte,Schmidt,charlotte.schmidt226@gmail.com,+63-338-8329460,Norway,Trondheim,2020-12-11,enterprise,448.1
512,Oliver,Andersson,oliver.andersson968@icloud.com,+98-466-1353486,Finland,Espoo,2025-03-23,free,0.0
513,Ingrid,Suzuki,ingrid.suzuki288@yahoo.com,,France,Lyon,2024-06-20,starter,163.51
514,James,Andersson,james.andersson85@icloud.com,+73-255-7155872,Canada,Montreal,2020-12-02,enterprise,181.8
515,Freya,Müller,freya.müller526@outlook.com,+91-392-1943974,UK,London,2023-05-20,starter,368.72
516,Oliver,Persson,oliver.persson370@icloud.com,+65-802-9051910,Canada,Montreal,2022-02-06,free,0.0
517,Liam,Persson,liam.persson579@icloud.com,+46-150-5281453,Canada,Toronto,2020-09-05,pro,59.71
518,Astrid,Larsson,astrid.larsson95@gmail.com,+98-464-9683305,Canada,Toronto,2023-01-14,starter,385.85
519,William,Johansson,william.johansson486@yahoo.com,,Finland,Tampere,2024-06-21,pro,139.9
520,Lucas,Williams,lucas.williams818@icloud.com,+94-409-9717276,Denmark,Odense,2020-09-05,starter,35.02
521,Linnea,Schmidt,,+41-943-5172409,Norway,Bergen,2023-10-10,enterprise,276.51
522,Isabella,Jones,isabella.jones777@proton.me,+48-498-8263407,Canada,Toronto,2023-11-19,pro,1.83
523,Ingrid,Larsson,ingrid.larsson637@proton.me,+39-686-4506311,Japan,Tokyo,2025-01-06,free,0.0
524,Emma,Miller,emma.miller397@yahoo.com,+18-423-7873612,Canada,Vancouver,2025-05-23,pro,439.83
525,Sophia,Larsson,sophia.larsson410@icloud.com,+97-645-5980702,USA,New York,2022-02-12,pro,115.72
526,Linnea,Tanaka,linnea.tanaka617@outlook.com,+74-390-2663804,UK,Edinburgh,2020-08-31,pro,140.55
527,Isabella,Persson,isabella.persson260@proton.me,+31-200-7338328,UK,Manchester,2025-08-17,free,0.0
528,James,Davis,james.davis220@gmail.com,+55-186-3170269,Norway,Trondheim,2023-10-27,free,0.0
529,Ingrid,Tanaka,ingrid.tanaka675@outlook.com,+29-274-1902215,France,Marseille,2022-07-01,starter,44.75
530,Mia,Brown,mia.brown11@outlook.com,,Finland,Espoo,2022-01-15,free,0.0
531,Olivia,Williams,olivia.williams91@outlook.com,+40-619-2350013,Germany,Hamburg,2025-02-18,enterprise,451.68
532,Amelia,Williams,amelia.williams304@icloud.com,+66-791-7266313,Canada,Toronto,2025-03-14,pro,207.54
533,Amelia,Nilsson,amelia.nilsson710@icloud.com,+72-841-1916237,UK,Birmingham,2020-01-28,pro,237.14
534,Olivia,Tanaka,olivia.tanaka381@proton.me,+21-706-9220373,Canada,Toronto,2024-12-07,pro,216.4
535,Sven,Watanabe,sven.watanabe320@proton.me,+77-397-3636562,Finland,Espoo,2024-01-18,enterprise,463.31
536,Erik,Miller,erik.miller638@proton.me,+35-107-5325287,Finland,Tampere,2024-05-26,free,0.0
537,Lars,Karlsson,lars.karlsson323@icloud.com,+89-626-6156376,Norway,Trondheim,2022-02-19,enterprise,184.87
538,Ava,Eriksson,ava.eriksson475@proton.me,+89-137-4894428,Finland,Helsinki,2023-12-04,enterprise,339.95
539,Lars,Takahashi,lars.takahashi414@icloud.com,+95-969-7895767,France,Paris,2023-02-07,enterprise,234.54
540,Isabella,Nilsson,isabella.nilsson282@yahoo.com,+95-426-3557747,UK,Birmingham,2021-09-14,starter,127.42
541,Oliver,Tanaka,oliver.tanaka687@yahoo.com,+36-872-5515953,Sweden,Stockholm,2021-06-02,starter,430.1
542,Liam,Johansson,,+16-881-6444304,Sweden,Gothenburg,2022-03-10,free,0.0
543,Mia,Olsson,mia.olsson311@yahoo.com,+24-279-4434641,Finland,Tampere,2024-01-20,starter,186.43
544,Lars,Olsson,lars.olsson215@proton.me,+31-220-7392194,Canada,Toronto,2022-06-30,pro,347.49
545,Noah,Olsson,noah.olsson359@proton.me,+53-672-2879774,Norway,Trondheim,2021-11-23,pro,427.11
546,Ingrid,Davis,ingrid.davis845@icloud.com,+29-204-5057485,Germany,Munich,2024-04-08,pro,36.04
547,Linnea,Johnson,linnea.johnson359@proton.me,+19-265-5285639,Denmark,Aarhus,2024-09-18,starter,378.11
548,Charlotte,Müller,charlotte.müller763@yahoo.com,+22-626-5807244,Sweden,Malmö,2024-12-28,pro,357.66
549,Amelia,Miller,amelia.miller28@proton.me,+40-636-3885130,Japan,Kyoto,2025-08-17,free,0.0
550,Lars,Williams,lars.williams694@gmail.com,+55-110-7259204,USA,San Francisco,2021-05-26,pro,22.17
551,Ingrid,Schneider,ingrid.schneider303@icloud.com,+28-421-6936445,Japan,Kyoto,2021-02-19,enterprise,129.89
552,Emma,Garcia,emma.garcia824@icloud.com,+52-421-8596580,Norway,Trondheim,2023-11-22,starter,96.15
553,James,Johnson,james.johnson867@proton.me,+66-286-2238152,Japan,Tokyo,2023-03-29,pro,386.5
554,Elias,Davis,elias.davis960@gmail.com,+43-204-4012468,USA,Chicago,2020-02-10,free,0.0
555,Erik,Karlsson,erik.karlsson183@icloud.com,+34-545-5933418,UK,London,2020-02-28,enterprise,143.55
556,Isabella,Karlsson,isabella.karlsson986@proton.me,+27-996-4133662,Germany,Munich,2024-03-06,free,0.0
557,James,Davis,james.davis534@gmail.com,+95-423-6773647,Germany,Munich,2024-01-11,starter,45.56
558,William,Smith,william.smith611@gmail.com,+40-671-6086250,Denmark,Copenhagen,2021-08-31,enterprise,378.41
559,Ingrid,Johansson,ingrid.johansson863@yahoo.com,+42-574-3291520,Denmark,Copenhagen,2024-01-04,starter,391.58
560,Ingrid,Schmidt,ingrid.schmidt711@yahoo.com,+19-858-9412168,Finland,Helsinki,2023-01-10,enterprise,259.78
561,James,Karlsson,james.karlsson641@icloud.com,+34-855-1973952,France,Toulouse,2021-07-03,free,0.0
562,Isabella,Persson,isabella.persson75@icloud.com,+50-450-2871566,Canada,Vancouver,2020-12-23,enterprise,222.77
563,Lars,Fischer,lars.fischer474@yahoo.com,+57-632-7203255,Canada,Vancouver,2025-04-16,enterprise,215.18
564,Mia,Larsson,mia.larsson371@gmail.com,+46-852-9793935,France,Toulouse,2023-04-29,starter,448.99
565,Linnea,Smith,linnea.smith232@yahoo.com,+36-443-3476086,Canada,Toronto,2022-09-03,pro,450.66
566,Mia,Jones,mia.jones513@yahoo.com,+80-152-8399651,Finland,Helsinki,2020-12-02,free,0.0
567,Ingrid,Miller,ingrid.miller154@gmail.com,+36-456-2930714,Germany,Hamburg,2020-07-27,free,0.0
568,Charlotte,Eriksson,charlotte.eriksson786@gmail.com,+7-817-9036925,France,Paris,2021-03-12,free,0.0
569,Lars,Eriksson,lars.eriksson409@proton.me,+50-317-7596414,Finland,Helsinki,2021-05-27,enterprise,38.22
570,James,Schneider,james.schneider497@yahoo.com,+14-354-1538442,Sweden,Uppsala,2020-04-22,enterprise,401.51
571,Emma,Nilsson,emma.nilsson969@icloud.com,+3-568-1966169,USA,San Francisco,2022-03-03,free,0.0
572,James,Garcia,james.garcia420@outlook.com,+40-877-3474719,USA,New York,2020-06-30,free,0.0
573,Olivia,Takahashi,olivia.takahashi17@proton.me,+68-884-6176873,Norway,Trondheim,2020-10-15,enterprise,3.21
574,Charlotte,Müller,charlotte.müller959@proton.me,+19-270-1902300,France,Paris,2023-01-19,pro,73.8
575,Emma,Miller,emma.miller837@icloud.com,+45-824-2933325,Finland,Espoo,2023-03-21,enterprise,281.51
576,Ava,Nilsson,ava.nilsson225@outlook.com,+7-386-2389191,Norway,Trondheim,2022-06-07,free,0.0
577,Liam,Karlsson,liam.karlsson498@outlook.com,+76-883-9162294,Japan,Osaka,2020-02-26,free,0.0
578,Lucas,Brown,lucas.brown953@yahoo.com,+1-413-6351260,Canada,Toronto,2022-07-25,enterprise,250.67
579,Mia,Suzuki,mia.suzuki273@outlook.com,+53-359-2002348,Canada,Vancouver,2022-06-29,free,0.0
580,Isabella,Tanaka,isabella.tanaka220@proton.me,+58-813-3200665,UK,Birmingham,2025-09-18,pro,14.44
581,Liam,Schmidt,liam.schmidt175@outlook.com,+43-489-2200896,France,Lyon,2021-02-17,starter,297.46
582,Elias,Müller,elias.müller748@proton.me,+67-845-3377204,Finland,Espoo,2020-05-24,starter,490.55
583,Liam,Fischer,liam.fischer497@gmail.com,+79-927-8107563,Germany,Frankfurt,2021-06-29,free,0.0
584,Ingrid,Smith,ingrid.smith245@gmail.com,+38-273-7564954,France,Toulouse,2020-02-15,enterprise,453.21
585,Oliver,Andersson,oliver.andersson873@outlook.com,+2-605-8363964,Norway,Trondheim,2024-03-01,enterprise,79.05
586,Liam,Watanabe,liam.watanabe898@yahoo.com,+9-702-3380503,USA,Austin,2023-02-25,free,0.0
587,Sven,Miller,sven.miller332@gmail.com,+19-291-2335112,Sweden,Gothenburg,2020-06-17,pro,419.94
588,Ava,Müller,ava.müller282@icloud.com,+95-567-8793815,USA,Chicago,2023-01-10,free,0.0
589,Oliver,Schneider,oliver.schneider705@yahoo.com,+37-942-1646186,Denmark,Odense,2022-04-29,pro,57.98
590,Olivia,Müller,olivia.müller436@icloud.com,+37-649-1951267,Germany,Frankfurt,2022-02-24,enterprise,438.81
591,Ava,Williams,ava.williams879@yahoo.com,+81-125-2177934,UK,London,2020-10-27,enterprise,260.33
592,William,Schneider,william.schneider261@outlook.com,+60-389-2715784,USA,San Francisco,2020-09-03,pro,204.36
593,Ava,Watanabe,ava.watanabe822@outlook.com,+24-207-5326769,UK,Edinburgh,2020-02-13,enterprise,472.65
594,Ava,Suzuki,ava.suzuki107@icloud.com,+43-480-3599698,Finland,Tampere,2023-08-12,pro,53.73
595,Astrid,Garcia,astrid.garcia425@gmail.com,+69-617-6362274,USA,New York,2024-08-30,pro,495.67
596,Sven,Schneider,sven.schneider853@outlook.com,+6-955-7147081,Japan,Osaka,2025-10-23,free,0.0
597,Oliver,Karlsson,,+41-259-9121767,Canada,Toronto,2023-02-03,enterprise,227.6
598,Astrid,Davis,astrid.davis803@gmail.com,+13-857-3876452,France,Lyon,2021-01-03,enterprise,119.97
599,Lars,Schmidt,lars.schmidt285@outlook.com,+98-181-5376557,Germany,Hamburg,2020-11-21,free,0.0
600,Sophia,Fischer,sophia.fischer465@yahoo.com,+43-350-3292818,Sweden,Gothenburg,2020-05-16,free,0.0
601,Oliver,Larsson,oliver.larsson76@gmail.com,+1-706-7111565,Finland,Espoo,2020-04-09,pro,376.42
602,Erik,Smith,erik.smith551@proton.me,+45-681-6294272,Denmark,Copenhagen,2024-12-25,enterprise,268.69
603,Lars,Brown,lars.brown240@proton.me,+81-889-9144737,Finland,Helsinki,2024-07-17,free,0.0
604,Charlotte,Tanaka,charlotte.tanaka712@proton.me,,Denmark,Aarhus,2025-11-01,enterprise,361.43
605,Erik,Brown,erik.brown140@gmail.com,+61-995-1694258,Finland,Tampere,2022-12-12,free,0.0
606,Olivia,Davis,olivia.davis154@icloud.com,+8-212-8084975,Japan,Tokyo,2021-03-24,enterprise,477.2
607,Noah,Andersson,noah.andersson426@icloud.com,+90-319-5113357,France,Marseille,2020-10-21,starter,125.23
608,Lars,Eriksson,lars.eriksson543@outlook.com,+75-658-3268021,Norway,Trondheim,2023-09-01,free,0.0
609,Sven,Nilsson,sven.nilsson471@proton.me,+12-809-1631987,UK,Birmingham,2023-11-26,free,0.0
610,Oliver,Persson,oliver.persson349@yahoo.com,+62-667-3715829,UK,Edinburgh,2024-04-26,starter,173.89
611,Charlotte,Miller,charlotte.miller985@proton.me,+50-859-7201090,Canada,Toronto,2021-11-05,free,0.0
612,Oliver,Schmidt,oliver.schmidt69@proton.me,+90-676-3455553,UK,Edinburgh,2021-06-17,pro,172.8
613,Lucas,Andersson,lucas.andersson541@icloud.com,+55-566-4930573,Canada,Toronto,2025-09-24,starter,38.06
614,Lucas,Tanaka,lucas.tanaka225@icloud.com,+82-718-9834205,Sweden,Uppsala,2023-06-17,pro,356.12
615,Olivia,Tanaka,olivia.tanaka796@yahoo.com,+26-863-5461644,Japan,Kyoto,2024-12-01,enterprise,174.08
616,Sophia,Karlsson,sophia.karlsson276@gmail.com,+32-717-9367447,Denmark,Copenhagen,2022-08-25,pro,94.08
617,Mia,Suzuki,mia.suzuki917@proton.me,+63-207-5450756,Finland,Espoo,2024-09-12,free,0.0
618,Emma,Smith,emma.smith612@gmail.com,+78-398-2785171,France,Toulouse,2021-10-19,pro,199.89
619,Emma,Williams,emma.williams224@outlook.com,+72-898-2377089,USA,Chicago,2023-06-01,starter,245.92
620,Elias,Williams,elias.williams941@proton.me,+32-943-5792428,France,Lyon,2021-09-02,free,0.0
621,Isabella,Jones,isabella.jones15@outlook.com,+33-617-1943977,Finland,Tampere,2020-06-26,starter,418.44
622,Olivia,Miller,olivia.miller168@icloud.com,+25-752-2215511,UK,Birmingham,2022-01-16,pro,286.03
623,Noah,Suzuki,noah.suzuki206@outlook.com,+70-569-9182535,Norway,Trondheim,2025-08-09,starter,164.99
624,Erik,Jones,erik.jones751@outlook.com,+62-890-3472372,Japan,Tokyo,2025-10-28,pro,264.35
625,Ingrid,Müller,ingrid.müller591@icloud.com,+86-749-1584391,Norway,Bergen,2020-09-22,pro,357.81
626,Ingrid,Schneider,ingrid.schneider276@gmail.com,+70-698-7661166,Denmark,Copenhagen,2021-04-15,free,0.0
627,Sven,Fischer,sven.fischer401@yahoo.com,+5-356-3313956,USA,New York,2020-07-14,starter,396.56
628,Sophia,Davis,sophia.davis143@proton.me,+71-522-9673754,Canada,Toronto,2023-09-03,free,0.0
629,Elias,Persson,elias.persson342@gmail.com,+13-342-1077817,Norway,Oslo,2020-11-07,enterprise,450.24
630,Charlotte,Müller,charlotte.müller876@proton.me,+48-874-7415615,USA,Austin,2023-04-15,starter,150.18
631,Charlotte,Larsson,charlotte.larsson340@gmail.com,+39-394-9942208,Norway,Bergen,2020-01-15,pro,131.75
632,Amelia,Müller,amelia.müller722@icloud.com,+13-730-1640073,USA,New York,2022-02-23,free,0.0
633,James,Tanaka,james.tanaka711@yahoo.com,+14-608-3685190,Norway,Bergen,2021-06-23,free,0.0
634,Noah,Karlsson,noah.karlsson9@gmail.com,+92-889-4351600,UK,London,2023-05-24,free,0.0
635,James,Takahashi,james.takahashi527@icloud.com,+91-359-2388057,UK,Edinburgh,2025-04-26,enterprise,456.86
636,Lars,Müller,lars.müller604@icloud.com,+92-646-3342524,Japan,Tokyo,2020-03-19,pro,79.49
637,Elias,Watanabe,elias.watanabe898@icloud.com,+33-296-9449167,France,Marseille,2022-04-02,free,0.0
638,Oliver,Garcia,oliver.garcia12@yahoo.com,+72-301-2116291,Sweden,Stockholm,2024-10-28,free,0.0
639,James,Nilsson,james.nilsson635@icloud.com,+52-200-9952479,Germany,Berlin,2024-11-07,pro,391.2
640,Magnus,Jones,magnus.jones750@proton.me,+60-258-9851015,Finland,Espoo,2023-11-23,free,0.0
641,Linnea,Jones,linnea.jones139@icloud.com,+14-291-8983141,Finland,Helsinki,2020-08-17,starter,395.35
642,William,Müller,,+12-790-4363829,UK,London,2020-11-25,free,0.0
643,Ingrid,Karlsson,ingrid.karlsson437@yahoo.com,+1-399-8908997,Germany,Frankfurt,2024-05-11,starter,310.98
644,Liam,Brown,liam.brown366@outlook.com,+20-177-5494718,Canada,Vancouver,2020-11-14,pro,83.09
645,Olivia,Jones,olivia.jones895@icloud.com,+16-921-4931450,USA,Austin,2020-05-10,starter,143.64
646,Noah,Andersson,noah.andersson187@gmail.com,+6-581-2522001,Sweden,Gothenburg,2022-10-29,pro,414.27
647,Erik,Schneider,erik.schneider131@icloud.com,+72-462-6006717,Finland,Helsinki,2020-12-21,starter,254.4
648,Oliver,Garcia,oliver.garcia436@icloud.com,+14-549-7429691,UK,London,2023-07-14,free,0.0
649,Astrid,Johansson,astrid.johansson970@icloud.com,+62-168-3109079,Norway,Bergen,2024-12-14,free,0.0
650,Ingrid,Brown,ingrid.brown837@icloud.com,+20-802-6372822,Sweden,Uppsala,2021-04-26,free,0.0
651,Emma,Smith,emma.smith765@yahoo.com,+79-392-3938247,France,Toulouse,2022-09-07,enterprise,401.15
652,Charlotte,Müller,charlotte.müller885@proton.me,+57-261-2885287,France,Toulouse,2024-12-30,pro,12.99
653,Charlotte,Larsson,charlotte.larsson157@proton.me,+35-795-6535895,Germany,Berlin,2020-04-07,pro,392.14
654,Lars,Müller,lars.müller858@yahoo.com,+38-270-8558139,Norway,Trondheim,2025-09-24,free,0.0
655,Noah,Eriksson,noah.eriksson556@gmail.com,+58-816-9267315,UK,London,2025-08-28,enterprise,392.68
656,Magnus,Müller,magnus.müller471@icloud.com,+45-275-5934311,Sweden,Uppsala,2023-08-31,enterprise,359.83
657,Freya,Fischer,freya.fischer504@icloud.com,+6-627-4503259,USA,Chicago,2021-02-10,enterprise,282.64
658,Noah,Andersson,noah.andersson618@outlook.com,+36-707-3361166,Japan,Osaka,2024-08-31,pro,88.99
659,Sven,Smith,sven.smith292@proton.me,+5-338-8578985,Canada,Toronto,2025-10-18,starter,418.53
660,Sven,Suzuki,sven.suzuki952@gmail.com,+55-602-2133548,Finland,Espoo,2021-12-28,pro,171.7
661,Linnea,Larsson,linnea.larsson530@gmail.com,+30-640-3262585,Japan,Osaka,2023-01-10,free,0.0
662,Linnea,Watanabe,linnea.watanabe707@proton.me,+2-619-6184855,France,Toulouse,2025-03-02,free,0.0
663,Ava,Miller,ava.miller724@outlook.com,+99-254-6449562,Canada,Montreal,2025-10-02,starter,147.46
664,Mia,Suzuki,mia.suzuki594@outlook.com,+16-505-3857681,Sweden,Stockholm,2025-03-08,enterprise,481.21
665,Magnus,Andersson,magnus.andersson582@icloud.com,+94-535-8821807,Denmark,Copenhagen,2023-09-29,pro,137.37
666,Olivia,Takahashi,olivia.takahashi107@icloud.com,+84-230-7768076,UK,Edinburgh,2023-09-04,pro,83.57
667,Sophia,Eriksson,sophia.eriksson801@icloud.com,+63-487-2591168,France,Lyon,2024-02-05,free,0.0
668,Ava,Jones,ava.jones259@icloud.com,,Germany,Berlin,2021-08-08,pro,288.21
669,Mia,Schneider,mia.schneider706@proton.me,+40-504-2049841,France,Marseille,2020-12-20,free,0.0
670,Elias,Schmidt,elias.schmidt185@gmail.com,+47-905-1368367,France,Paris,2021-02-24,pro,334.32
671,James,Johnson,james.johnson507@proton.me,+9-765-5310162,Canada,Toronto,2020-01-14,enterprise,283.19
672,Charlotte,Brown,charlotte.brown919@proton.me,+80-576-3946549,USA,San Francisco,2020-10-31,free,0.0
673,Amelia,Jones,amelia.jones761@icloud.com,+17-496-8560743,USA,New York,2024-08-24,pro,472.39
674,Erik,Watanabe,erik.watanabe979@outlook.com,+77-427-7055964,Germany,Hamburg,2020-07-30,free,0.0
675,Magnus,Watanabe,magnus.watanabe482@gmail.com,+9-850-2442997,France,Marseille,2025-01-05,starter,243.1
676,Noah,Davis,noah.davis501@yahoo.com,+37-344-5914895,Japan,Osaka,2025-03-10,enterprise,486.07
677,James,Fischer,james.fischer103@gmail.com,+92-426-4069969,Germany,Hamburg,2025-11-09,free,0.0
678,Ingrid,Jones,ingrid.jones671@outlook.com,+1-830-6052874,Denmark,Aarhus,2025-07-23,starter,11.47
679,Charlotte,Larsson,charlotte.larsson571@proton.me,+20-997-7875961,Sweden,Malmö,2023-10-07,free,0.0
680,Astrid,Jones,astrid.jones931@icloud.com,+98-568-4079841,Finland,Espoo,2020-09-23,free,0.0
681,Freya,Jones,freya.jones914@gmail.com,+94-404-1110272,Norway,Trondheim,2023-12-10,starter,402.47
682,Erik,Johnson,erik.johnson599@gmail.com,+42-236-1952781,Finland,Helsinki,2020-09-23,free,0.0
683,Oliver,Smith,,+36-506-3121906,Germany,Berlin,2023-04-30,pro,463.71
684,Liam,Schmidt,,+94-945-4581997,Japan,Tokyo,2022-10-05,enterprise,186.04
685,Astrid,Johnson,astrid.johnson993@proton.me,+15-543-5758745,Denmark,Aarhus,2020-03-29,starter,253.94
686,William,Smith,william.smith241@icloud.com,+26-415-5231260,France,Lyon,2020-11-03,pro,87.58
687,Noah,Williams,noah.williams208@icloud.com,+75-471-1139710,Norway,Oslo,2020-10-06,free,0.0
688,Erik,Andersson,erik.andersson414@gmail.com,+2-199-2443835,UK,London,2024-03-31,enterprise,422.32
689,Mia,Persson,mia.persson575@yahoo.com,+39-935-1875940,USA,San Francisco,2022-06-16,enterprise,183.45
690,Mia,Tanaka,mia.tanaka64@icloud.com,+18-304-4133439,Norway,Bergen,2023-10-26,starter,123.98
691,Ingrid,Tanaka,ingrid.tanaka959@proton.me,+63-234-1276848,UK,Birmingham,2025-06-13,enterprise,270.09
692,William,Johansson,william.johansson838@yahoo.com,+7-835-3306198,Germany,Berlin,2025-08-27,pro,74.65
693,Astrid,Suzuki,astrid.suzuki344@gmail.com,+66-866-5127529,UK,London,2023-03-06,free,0.0
694,Lars,Nilsson,lars.nilsson289@proton.me,+89-700-9379212,Sweden,Gothenburg,2024-08-15,starter,390.46
695,Linnea,Johansson,linnea.johansson143@gmail.com,+31-881-2081214,Japan,Tokyo,2023-04-14,pro,387.95
696,Freya,Schmidt,freya.schmidt224@gmail.com,+48-958-7988408,Sweden,Malmö,2024-06-13,enterprise,49.85
697,Astrid,Eriksson,astrid.eriksson563@icloud.com,+43-738-2782958,Canada,Toronto,2024-02-23,pro,312.54
698,Erik,Brown,erik.brown364@yahoo.com,+36-621-2796912,Sweden,Gothenburg,2021-04-10,enterprise,62.84
699,Charlotte,Fischer,charlotte.fischer306@icloud.com,+30-287-7064568,USA,San Francisco,2023-11-18,pro,312.29
700,Linnea,Suzuki,linnea.suzuki90@proton.me,+71-661-5488905,USA,Austin,2022-04-09,pro,375.91
701,Freya,Suzuki,freya.suzuki169@outlook.com,+91-118-7368466,USA,San Francisco,2024-04-15,free,0.0
702,Ingrid,Watanabe,ingrid.watanabe422@yahoo.com,+8-686-3777420,Denmark,Copenhagen,2023-03-30,pro,432.97
703,Oliver,Miller,oliver.miller635@gmail.com,+59-554-3448450,Sweden,Uppsala,2023-01-04,enterprise,148.9
704,William,Davis,william.davis284@outlook.com,+96-915-4421703,Sweden,Uppsala,2020-01-14,free,0.0
705,Liam,Schmidt,,+95-556-4499566,Norway,Bergen,2022-12-31,enterprise,170.75
706,Mia,Eriksson,mia.eriksson3@icloud.com,+52-930-9225176,Denmark,Copenhagen,2022-03-04,enterprise,314.31
707,Olivia,Brown,olivia.brown573@proton.me,+38-749-9020602,Canada,Toronto,2024-09-29,pro,455.4
708,Erik,Olsson,erik.olsson799@yahoo.com,+65-774-7907839,Canada,Montreal,2023-07-11,free,0.0
709,Oliver,Suzuki,oliver.suzuki379@gmail.com,+47-621-2127474,Finland,Espoo,2021-08-23,free,0.0
710,Amelia,Nilsson,amelia.nilsson744@outlook.com,+27-273-8425792,Denmark,Copenhagen,2020-02-25,starter,370.13
711,Noah,Smith,noah.smith120@yahoo.com,+90-458-2946258,USA,Chicago,2023-06-22,pro,93.29
712,Ingrid,Tanaka,ingrid.tanaka853@gmail.com,+76-674-4602411,France,Paris,2020-04-04,free,0.0
713,Charlotte,Jones,charlotte.jones281@gmail.com,+70-226-6150411,UK,London,2022-07-23,free,0.0
714,Oliver,Watanabe,oliver.watanabe194@outlook.com,+61-588-3095208,Germany,Hamburg,2022-04-01,free,0.0
715,Lucas,Olsson,lucas.olsson28@yahoo.com,+40-121-5211656,France,Toulouse,2024-01-25,starter,127.36
716,Elias,Karlsson,elias.karlsson879@yahoo.com,+89-898-8083846,Denmark,Odense,2025-10-08,pro,192.64
717,Oliver,Johnson,oliver.johnson909@outlook.com,+76-804-5582482,Canada,Montreal,2021-12-09,enterprise,223.68
718,Ingrid,Andersson,ingrid.andersson63@outlook.com,+87-350-4317703,Sweden,Malmö,2022-03-10,enterprise,298.48
719,Isabella,Schneider,isabella.schneider877@outlook.com,+76-714-1443634,Canada,Vancouver,2021-08-22,starter,486.44
720,Noah,Takahashi,noah.takahashi81@gmail.com,+89-999-9933439,Sweden,Gothenburg,2020-01-23,starter,158.87
721,Noah,Miller,noah.miller764@icloud.com,+44-425-7397391,Germany,Hamburg,2021-10-10,pro,342.35
722,Isabella,Watanabe,isabella.watanabe823@icloud.com,+95-785-9614649,Germany,Munich,2024-10-23,starter,427.34
723,Amelia,Andersson,amelia.andersson864@gmail.com,+6-112-6960695,Germany,Hamburg,2024-04-28,enterprise,186.03
724,Noah,Eriksson,noah.eriksson596@icloud.com,,France,Marseille,2021-04-30,enterprise,440.59
725,Ingrid,Davis,ingrid.davis399@proton.me,+29-152-7945743,Norway,Trondheim,2024-04-28,free,0.0
726,Amelia,Jones,,+71-428-7408084,Finland,Tampere,2020-01-07,enterprise,303.67
727,Sven,Johnson,,+83-485-4223681,Canada,Vancouver,2021-03-01,starter,213.75
728,Mia,Karlsson,mia.karlsson842@proton.me,+90-935-9079613,Sweden,Stockholm,2023-01-17,starter,172.73
729,Isabella,Nilsson,isabella.nilsson507@yahoo.com,+8-522-5585980,UK,Edinburgh,2023-10-29,pro,193.51
730,Erik,Davis,erik.davis443@icloud.com,+93-687-2555820,UK,Birmingham,2024-08-07,starter,333.31
731,Olivia,Müller,olivia.müller985@proton.me,+24-947-9468284,Japan,Osaka,2021-10-16,free,0.0
732,Magnus,Takahashi,magnus.takahashi417@icloud.com,+37-746-9283530,Sweden,Stockholm,2021-10-20,pro,56.08
733,Freya,Takahashi,freya.takahashi109@gmail.com,+18-652-9273161,UK,Manchester,2021-04-05,starter,498.43
734,Olivia,Nilsson,olivia.nilsson975@yahoo.com,+9-709-4442619,Canada,Montreal,2021-08-24,enterprise,103.78
735,Olivia,Andersson,olivia.andersson76@yahoo.com,+25-233-4593458,Canada,Toronto,2025-01-26,enterprise,429.92
736,Lars,Schneider,lars.schneider927@icloud.com,+40-423-9793594,UK,London,2023-01-21,enterprise,482.54
737,Isabella,Karlsson,isabella.karlsson183@proton.me,+82-348-2258373,UK,Edinburgh,2022-01-23,enterprise,163.9
738,Elias,Nilsson,elias.nilsson336@yahoo.com,+80-756-9203668,Japan,Kyoto,2020-10-19,free,0.0
739,Olivia,Williams,olivia.williams410@icloud.com,+65-553-5081989,Finland,Espoo,2022-12-13,free,0.0
740,William,Persson,william.persson278@yahoo.com,+66-268-6707082,Denmark,Copenhagen,2024-11-28,starter,77.66
741,Lucas,Andersson,lucas.andersson352@gmail.com,+39-457-5123509,Germany,Frankfurt,2021-08-26,enterprise,245.38
742,Erik,Garcia,,+3-473-8294021,Denmark,Copenhagen,2020-08-07,pro,346.01
743,Mia,Smith,mia.smith452@outlook.com,+2-436-1861048,Canada,Montreal,2022-02-12,enterprise,89.89
744,William,Smith,william.smith990@proton.me,+42-260-4632879,France,Marseille,2024-12-30,free,0.0
745,William,Fischer,william.fischer84@outlook.com,+8-742-4077398,Canada,Vancouver,2023-09-14,starter,242.38
746,Mia,Watanabe,mia.watanabe570@icloud.com,+4-244-8997304,Germany,Hamburg,2022-12-18,starter,178.56
747,Amelia,Davis,amelia.davis679@icloud.com,+30-766-8088950,Finland,Helsinki,2024-12-11,free,0.0
748,Elias,Smith,elias.smith700@yahoo.com,+5-242-5299570,USA,New York,2020-04-25,free,0.0
749,Emma,Schneider,emma.schneider731@icloud.com,+53-322-1069849,Sweden,Gothenburg,2024-06-03,pro,307.37
750,Olivia,Karlsson,olivia.karlsson391@proton.me,+2-243-8044237,Finland,Tampere,2021-01-21,free,0.0
751,Liam,Williams,liam.williams708@yahoo.com,+5-865-2291791,Finland,Helsinki,2025-10-27,starter,157.01
752,William,Johnson,william.johnson608@outlook.com,,Germany,Munich,2020-05-18,pro,104.74
753,Linnea,Tanaka,linnea.tanaka358@icloud.com,+87-912-9490646,Denmark,Copenhagen,2023-02-04,free,0.0
754,Astrid,Davis,astrid.davis330@icloud.com,+47-401-8616841,Sweden,Gothenburg,2023-08-01,starter,298.48
755,Emma,Persson,emma.persson832@gmail.com,+30-133-3344995,USA,New York,2024-06-04,pro,471.86
756,Liam,Tanaka,liam.tanaka526@gmail.com,+90-896-2831676,Germany,Berlin,2023-08-08,free,0.0
757,Emma,Johnson,emma.johnson181@outlook.com,+8-671-7434551,Germany,Hamburg,2022-06-01,starter,470.6
758,Astrid,Persson,astrid.persson14@yahoo.com,+85-581-3851496,Canada,Montreal,2021-09-20,free,0.0
759,Sven,Olsson,sven.olsson649@gmail.com,+97-460-6032963,Germany,Frankfurt,2023-09-25,enterprise,421.73
760,Amelia,Suzuki,amelia.suzuki237@icloud.com,+31-670-5110406,Germany,Hamburg,2023-06-26,starter,87.22
761,Olivia,Andersson,olivia.andersson730@yahoo.com,+74-366-1449119,France,Toulouse,2022-05-07,enterprise,55.97
762,Liam,Suzuki,liam.suzuki718@icloud.com,+16-725-4751921,Norway,Oslo,2024-01-20,pro,440.81
763,Amelia,Persson,amelia.persson766@gmail.com,+2-901-7608632,France,Toulouse,2024-03-28,free,0.0
764,Sven,Schmidt,sven.schmidt613@yahoo.com,+99-735-9050220,France,Marseille,2024-01-06,pro,362.13
765,Mia,Karlsson,mia.karlsson455@outlook.com,+44-708-8889403,Canada,Toronto,2024-03-05,enterprise,377.72
766,Astrid,Suzuki,astrid.suzuki700@outlook.com,+94-582-1357583,Denmark,Copenhagen,2020-07-07,enterprise,333.48
767,Magnus,Takahashi,magnus.takahashi435@icloud.com,+16-260-8992327,Japan,Osaka,2023-05-08,pro,258.65
768,Isabella,Williams,isabella.williams759@outlook.com,+80-989-8555965,Finland,Tampere,2023-12-04,pro,462.74
769,Noah,Persson,noah.persson964@yahoo.com,+63-288-3437250,Sweden,Stockholm,2022-11-26,starter,113.5
770,Oliver,Johansson,oliver.johansson743@proton.me,+49-950-1132544,Germany,Berlin,2025-09-07,starter,286.95
771,Freya,Johansson,freya.johansson548@proton.me,+61-983-6662067,Canada,Vancouver,2021-08-29,enterprise,457.59
772,Magnus,Tanaka,magnus.tanaka598@gmail.com,+46-828-3055237,Japan,Osaka,2023-04-27,free,0.0
773,Ava,Davis,ava.davis883@outlook.com,,Canada,Toronto,2020-02-08,enterprise,227.81
774,Freya,Williams,freya.williams209@yahoo.com,+66-466-8097230,UK,London,2020-03-29,enterprise,285.47
775,William,Andersson,william.andersson221@icloud.com,+19-374-2180784,Canada,Montreal,2020-02-09,enterprise,152.42
776,William,Tanaka,william.tanaka758@gmail.com,+75-983-2976124,Canada,Montreal,2023-04-13,free,0.0
777,Freya,Brown,freya.brown931@outlook.com,+73-851-8960772,Denmark,Copenhagen,2024-04-25,free,0.0
778,Magnus,Persson,magnus.persson405@icloud.com,+49-834-5210873,Finland,Tampere,2022-04-30,enterprise,158.44
779,Lars,Fischer,lars.fischer312@icloud.com,+51-796-1039961,Germany,Hamburg,2020-12-23,free,0.0
780,Ingrid,Fischer,ingrid.fischer973@gmail.com,+19-127-4177379,USA,San Francisco,2023-10-23,starter,351.25
781,Erik,Fischer,erik.fischer791@gmail.com,+54-194-1744347,Canada,Vancouver,2020-09-12,free,0.0
782,Magnus,Müller,magnus.müller722@outlook.com,+42-558-5334067,Japan,Tokyo,2023-03-09,enterprise,84.84
783,Ava,Schmidt,ava.schmidt74@icloud.com,+35-972-4410772,Denmark,Odense,2022-03-24,free,0.0
784,Lucas,Smith,lucas.smith417@yahoo.com,+85-624-1061357,Germany,Frankfurt,2023-09-14,pro,6.98
785,Noah,Smith,noah.smith385@yahoo.com,+67-964-9039564,Germany,Berlin,2023-06-06,free,0.0
786,Erik,Suzuki,erik.suzuki885@yahoo.com,+98-605-8420332,USA,New York,2021-05-01,starter,358.6
787,Magnus,Schmidt,magnus.schmidt564@outlook.com,+70-651-6955327,Japan,Osaka,2024-08-24,enterprise,359.07
788,Lucas,Nilsson,lucas.nilsson709@gmail.com,+25-286-9359863,UK,Edinburgh,2025-08-04,starter,225.46
789,Liam,Olsson,liam.olsson803@yahoo.com,+41-478-4873606,USA,Chicago,2022-01-13,pro,368.03
790,Elias,Karlsson,elias.karlsson779@icloud.com,+52-341-5920642,Canada,Vancouver,2025-06-18,free,0.0
791,Emma,Jones,emma.jones600@outlook.com,+73-127-3046936,France,Toulouse,2024-08-24,free,0.0
792,Astrid,Persson,astrid.persson822@outlook.com,+86-623-9832994,Germany,Munich,2025-11-11,pro,345.37
793,Ingrid,Schmidt,ingrid.schmidt886@icloud.com,+61-309-1783471,Sweden,Uppsala,2023-03-30,pro,164.34
794,Olivia,Fischer,olivia.fischer300@icloud.com,+24-942-2799120,USA,Chicago,2021-11-28,starter,230.57
795,Astrid,Larsson,astrid.larsson226@proton.me,+12-209-9164247,Finland,Helsinki,2022-05-23,enterprise,167.31
796,Noah,Johnson,noah.johnson429@outlook.com,+62-160-9751495,UK,Edinburgh,2023-03-31,enterprise,456.82
797,Noah,Nilsson,noah.nilsson141@proton.me,+36-195-4138395,Germany,Berlin,2021-09-11,pro,326.14
798,Erik,Takahashi,erik.takahashi16@gmail.com,+41-736-4861776,Canada,Toronto,2020-07-24,pro,352.54
799,Elias,Suzuki,,+66-929-6510850,France,Marseille,2020-05-04,free,0.0
800,Magnus,Suzuki,magnus.suzuki32@icloud.com,+28-285-7948276,Canada,Vancouver,2023-09-05,free,0.0
801,Noah,Andersson,noah.andersson33@outlook.com,+64-454-6644167,Norway,Oslo,2022-11-20,enterprise,367.81
802,Noah,Garcia,noah.garcia980@gmail.com,+55-750-2360969,Japan,Tokyo,2023-02-11,pro,270.73
803,Freya,Suzuki,freya.suzuki985@proton.me,+87-466-7313291,USA,Austin,2025-02-03,pro,142.94
804,Lucas,Karlsson,,+87-749-4569639,Finland,Helsinki,2024-01-08,free,0.0
805,Mia,Eriksson,,+49-804-3301566,Sweden,Uppsala,2023-09-05,free,0.0
806,Olivia,Eriksson,olivia.eriksson766@gmail.com,,USA,Chicago,2023-03-23,pro,154.11
807,William,Fischer,william.fischer912@outlook.com,+92-960-9293863,Denmark,Aarhus,2021-02-23,free,0.0
808,Lars,Müller,lars.müller916@outlook.com,+72-141-1484840,Sweden,Gothenburg,2023-05-02,free,0.0
809,James,Eriksson,james.eriksson71@gmail.com,+95-654-5852159,Japan,Kyoto,2023-10-24,enterprise,135.81
810,Erik,Brown,,+33-104-5391581,Sweden,Malmö,2020-10-21,starter,121.7
811,Ava,Miller,ava.miller289@gmail.com,+23-542-3330156,Norway,Trondheim,2024-03-31,pro,356.84
812,Elias,Olsson,elias.olsson750@outlook.com,+89-864-8399909,Finland,Tampere,2021-01-11,free,0.0
813,Sven,Larsson,sven.larsson13@icloud.com,+15-960-9939135,Norway,Bergen,2023-04-08,starter,194.52
814,Erik,Larsson,erik.larsson520@proton.me,+31-677-7446373,UK,Birmingham,2024-01-25,pro,342.02
815,Charlotte,Williams,charlotte.williams566@proton.me,+62-907-9697653,Japan,Kyoto,2020-06-09,pro,128.95
816,Linnea,Takahashi,linnea.takahashi429@yahoo.com,+94-857-6760194,UK,London,2022-03-28,free,0.0
817,Oliver,Takahashi,oliver.takahashi519@yahoo.com,+73-634-5686768,Germany,Berlin,2020-06-28,enterprise,182.9
818,Astrid,Olsson,astrid.olsson565@outlook.com,+68-632-4080847,France,Marseille,2020-10-03,pro,487.42
819,James,Larsson,james.larsson665@proton.me,,Japan,Osaka,2022-12-25,free,0.0
820,Magnus,Persson,magnus.persson843@gmail.com,,Germany,Hamburg,2022-09-03,pro,254.86
821,Oliver,Andersson,oliver.andersson499@gmail.com,+57-528-3585043,Finland,Espoo,2024-08-07,enterprise,97.35
822,Sven,Larsson,sven.larsson121@proton.me,,UK,Birmingham,2024-12-02,pro,264.76
823,Noah,Takahashi,noah.takahashi951@yahoo.com,+6-938-9146736,Denmark,Odense,2023-05-15,free,0.0
824,Liam,Eriksson,liam.eriksson49@yahoo.com,+25-161-8542301,Germany,Berlin,2022-03-16,free,0.0
825,Astrid,Johansson,astrid.johansson556@yahoo.com,+29-914-3045431,Finland,Helsinki,2022-12-14,pro,169.42
826,Ingrid,Larsson,ingrid.larsson448@outlook.com,+13-845-9066954,Sweden,Malmö,2022-10-08,enterprise,255.74
827,Mia,Williams,mia.williams760@proton.me,+53-594-8610491,Denmark,Odense,2025-03-14,free,0.0
828,Emma,Persson,emma.persson490@outlook.com,+2-194-1221293,Norway,Trondheim,2023-09-05,pro,64.42
829,Erik,Schmidt,erik.schmidt104@icloud.com,+16-830-1066088,USA,San Francisco,2022-08-18,pro,374.7
830,William,Karlsson,william.karlsson878@icloud.com,+18-465-2546007,Norway,Trondheim,2020-02-24,starter,13.03
831,Ingrid,Takahashi,ingrid.takahashi575@outlook.com,+16-913-7776608,USA,New York,2025-10-30,free,0.0
832,Freya,Eriksson,freya.eriksson517@icloud.com,+10-433-1920440,Norway,Oslo,2024-08-11,starter,107.13
833,Ava,Brown,ava.brown811@proton.me,+93-140-7764115,Sweden,Stockholm,2024-07-02,starter,364.89
834,Mia,Fischer,mia.fischer593@icloud.com,+37-391-8677329,Denmark,Odense,2025-03-24,free,0.0
835,William,Watanabe,william.watanabe859@gmail.com,+41-604-2368490,Germany,Berlin,2020-10-02,pro,47.11
836,Sophia,Miller,sophia.miller837@gmail.com,,Canada,Montreal,2021-07-13,free,0.0
837,Erik,Brown,erik.brown746@proton.me,+48-339-9370055,Denmark,Odense,2020-12-12,enterprise,157.43
838,Linnea,Davis,linnea.davis961@outlook.com,+15-532-2867851,UK,Manchester,2020-03-20,free,0.0
839,Linnea,Suzuki,linnea.suzuki727@yahoo.com,+26-870-6835296,USA,Chicago,2020-10-09,enterprise,393.4
840,Lucas,Fischer,lucas.fischer386@outlook.com,+97-798-5133017,Japan,Tokyo,2020-12-27,enterprise,489.94
841,Oliver,Suzuki,,+75-849-5289947,Norway,Bergen,2021-08-03,enterprise,139.29
842,Noah,Persson,noah.persson795@icloud.com,+36-836-3909372,UK,Manchester,2021-06-30,enterprise,198.26
843,Mia,Williams,mia.williams661@yahoo.com,+39-550-7731589,Finland,Tampere,2022-08-10,pro,338.62
844,Olivia,Watanabe,olivia.watanabe535@icloud.com,+36-686-5331353,France,Marseille,2023-02-27,pro,106.58
845,Freya,Andersson,freya.andersson363@proton.me,+47-444-6767046,Canada,Vancouver,2025-11-28,starter,120.33
846,Sven,Miller,sven.miller432@icloud.com,+41-115-3367244,Sweden,Malmö,2021-11-09,pro,131.05
847,Erik,Davis,erik.davis247@yahoo.com,+91-166-9860234,Finland,Espoo,2020-08-04,starter,437.0
848,Lars,Andersson,lars.andersson451@gmail.com,+16-788-9130601,France,Lyon,2024-01-20,enterprise,188.7
849,Isabella,Larsson,isabella.larsson490@icloud.com,+53-793-1415224,Denmark,Copenhagen,2025-12-22,enterprise,249.94
850,Noah,Davis,noah.davis463@outlook.com,+43-672-4667480,Japan,Osaka,2022-04-23,pro,347.1
851,Astrid,Johansson,,,Germany,Berlin,2025-09-07,enterprise,261.75
852,Magnus,Smith,magnus.smith365@proton.me,+95-718-9769749,France,Toulouse,2023-06-16,pro,305.0
853,Linnea,Tanaka,linnea.tanaka491@gmail.com,+5-301-9900269,Germany,Hamburg,2021-08-14,pro,127.66
854,Charlotte,Williams,charlotte.williams753@proton.me,+87-563-8822282,Canada,Montreal,2020-01-14,starter,270.28
855,Ava,Johnson,ava.johnson672@outlook.com,+76-113-7198129,Sweden,Stockholm,2022-04-02,enterprise,20.71
856,Charlotte,Tanaka,charlotte.tanaka880@yahoo.com,,Finland,Espoo,2021-07-13,enterprise,10.64
857,Astrid,Smith,astrid.smith862@proton.me,+7-443-7001002,Germany,Hamburg,2024-07-23,enterprise,113.04
858,James,Schneider,james.schneider507@outlook.com,+3-295-6014363,Germany,Berlin,2021-04-21,enterprise,177.99
859,Lars,Miller,lars.miller526@proton.me,+75-931-4515971,Sweden,Stockholm,2020-06-22,free,0.0
860,Lars,Andersson,lars.andersson721@proton.me,+86-231-5718031,Sweden,Stockholm,2023-09-10,enterprise,412.55
861,Isabella,Suzuki,isabella.suzuki893@gmail.com,+69-467-6300918,Canada,Vancouver,2024-05-01,free,0.0
862,Lucas,Olsson,lucas.olsson675@icloud.com,+29-665-1190811,Germany,Berlin,2025-04-27,pro,362.55
863,Emma,Müller,emma.müller741@yahoo.com,+20-767-5318004,Japan,Osaka,2024-03-11,starter,217.63
864,Magnus,Takahashi,magnus.takahashi974@gmail.com,+91-177-4214501,Finland,Espoo,2020-10-24,enterprise,262.01
865,Lars,Watanabe,lars.watanabe705@icloud.com,+61-601-2318533,UK,Birmingham,2024-01-18,free,0.0
866,Linnea,Jones,linnea.jones433@proton.me,+47-557-7517322,France,Lyon,2021-10-05,starter,403.79
867,Erik,Williams,erik.williams67@gmail.com,+60-927-7381332,Denmark,Aarhus,2023-03-03,enterprise,181.3
868,Liam,Schmidt,liam.schmidt216@icloud.com,+66-239-2543321,Finland,Espoo,2021-09-25,enterprise,476.37
869,James,Smith,james.smith570@yahoo.com,+49-563-8862427,Sweden,Stockholm,2021-12-20,free,0.0
870,Ava,Persson,ava.persson451@proton.me,+80-768-6506751,Norway,Trondheim,2024-07-25,starter,39.34
871,Amelia,Watanabe,amelia.watanabe38@icloud.com,+99-780-3739308,Denmark,Odense,2020-06-22,enterprise,437.41
872,James,Tanaka,james.tanaka973@gmail.com,+76-839-8007019,Sweden,Malmö,2025-09-15,enterprise,476.51
873,Isabella,Schmidt,isabella.schmidt961@yahoo.com,+87-130-6370871,Denmark,Aarhus,2022-10-19,enterprise,189.73
874,Astrid,Larsson,astrid.larsson752@outlook.com,+72-748-4749940,Sweden,Gothenburg,2022-08-01,free,0.0
875,Lars,Olsson,lars.olsson294@proton.me,+61-153-7759188,France,Paris,2025-07-20,starter,332.82
876,Lucas,Karlsson,lucas.karlsson903@proton.me,+53-859-8682807,Denmark,Odense,2022-08-02,pro,181.85
877,Linnea,Eriksson,linnea.eriksson382@gmail.com,+96-929-2508001,Finland,Espoo,2024-10-13,enterprise,129.76
878,William,Smith,william.smith635@gmail.com,+51-483-1985030,Finland,Helsinki,2020-06-21,starter,193.33
879,Lucas,Brown,lucas.brown39@yahoo.com,+49-738-8005267,UK,Birmingham,2020-02-28,starter,232.73
880,Sven,Tanaka,sven.tanaka905@outlook.com,+43-683-5156659,Canada,Vancouver,2022-11-23,pro,191.36
881,Magnus,Williams,magnus.williams725@outlook.com,+70-427-1964852,USA,Austin,2024-12-12,pro,495.66
882,Noah,Persson,noah.persson516@yahoo.com,+31-139-3714549,UK,Edinburgh,2023-01-08,pro,149.04
883,Mia,Davis,mia.davis519@proton.me,+11-886-1403389,Denmark,Copenhagen,2020-02-29,enterprise,392.06
884,Linnea,Eriksson,linnea.eriksson271@outlook.com,+23-853-3944608,Japan,Osaka,2020-07-07,enterprise,367.96
885,Elias,Karlsson,elias.karlsson149@icloud.com,+73-724-7271288,France,Toulouse,2022-10-29,enterprise,391.82
886,Emma,Eriksson,emma.eriksson574@proton.me,+62-340-6330013,Sweden,Malmö,2023-06-20,enterprise,20.79
887,Sophia,Smith,sophia.smith634@outlook.com,+57-239-8352722,Denmark,Odense,2024-08-15,enterprise,404.67
888,Lucas,Karlsson,lucas.karlsson736@proton.me,+91-310-3095864,Japan,Kyoto,2023-08-04,enterprise,137.28
889,Emma,Karlsson,emma.karlsson885@proton.me,+26-164-2423090,Sweden,Gothenburg,2021-05-13,enterprise,339.27
890,Charlotte,Persson,charlotte.persson835@yahoo.com,+40-396-3801098,Japan,Tokyo,2021-07-24,starter,428.45
891,Magnus,Davis,magnus.davis748@proton.me,+64-695-5495862,Norway,Bergen,2021-05-17,enterprise,273.02
892,Erik,Jones,erik.jones488@proton.me,+80-167-2244632,Canada,Montreal,2024-10-14,starter,36.04
893,Mia,Karlsson,mia.karlsson435@outlook.com,+29-180-8638184,USA,Austin,2022-06-27,enterprise,35.14
894,Lars,Olsson,lars.olsson229@yahoo.com,+75-378-7577111,Japan,Tokyo,2024-10-30,free,0.0
895,Lucas,Smith,lucas.smith992@gmail.com,,UK,Birmingham,2020-05-21,enterprise,373.99
896,Freya,Johansson,freya.johansson413@yahoo.com,+79-469-4306305,USA,Austin,2023-02-17,enterprise,77.53
897,William,Garcia,william.garcia672@yahoo.com,+4-702-2951967,Germany,Frankfurt,2020-02-26,enterprise,354.58
898,Amelia,Tanaka,amelia.tanaka132@proton.me,+83-548-4806733,Norway,Trondheim,2023-09-01,enterprise,467.54
899,Astrid,Eriksson,astrid.eriksson566@gmail.com,,Germany,Frankfurt,2025-01-26,enterprise,119.13
900,Olivia,Davis,olivia.davis99@yahoo.com,+57-606-4984723,Germany,Frankfurt,2025-02-12,pro,170.93
901,William,Suzuki,william.suzuki447@yahoo.com,+46-111-7564893,Norway,Oslo,2025-07-29,enterprise,241.89
902,Oliver,Tanaka,oliver.tanaka378@proton.me,+8-885-4949080,Norway,Trondheim,2025-11-25,enterprise,134.52
903,Noah,Garcia,noah.garcia475@outlook.com,+97-564-9118090,Finland,Espoo,2023-11-10,enterprise,121.36
904,Liam,Williams,liam.williams210@icloud.com,+47-843-6915126,France,Lyon,2022-04-10,free,0.0
905,Amelia,Davis,amelia.davis489@outlook.com,+37-987-6803559,Sweden,Uppsala,2025-09-22,starter,247.86
906,Astrid,Olsson,astrid.olsson8@icloud.com,+39-269-5671261,USA,Chicago,2024-05-24,starter,243.18
907,Ingrid,Watanabe,ingrid.watanabe610@outlook.com,+24-920-4530823,USA,San Francisco,2022-11-08,free,0.0
908,Olivia,Johansson,olivia.johansson203@icloud.com,+90-200-5816162,Finland,Espoo,2021-05-31,starter,162.21
909,Emma,Schneider,emma.schneider586@icloud.com,+38-801-1951492,Sweden,Gothenburg,2021-05-04,enterprise,452.41
910,Sven,Jones,sven.jones194@gmail.com,+40-356-7579097,France,Paris,2020-08-21,enterprise,493.99
911,Ava,Johansson,,+80-960-5017667,USA,San Francisco,2020-03-28,free,0.0
912,Liam,Schmidt,liam.schmidt358@gmail.com,+65-171-6698902,Denmark,Odense,2024-06-05,starter,372.11
913,Lars,Schmidt,lars.schmidt140@outlook.com,+34-132-2221731,UK,London,2025-08-15,starter,248.57
914,Astrid,Olsson,astrid.olsson976@yahoo.com,+75-624-7392723,Sweden,Stockholm,2023-01-29,pro,390.31
915,Sophia,Brown,,+1-480-7901142,Norway,Bergen,2024-09-28,starter,256.52
916,Olivia,Eriksson,olivia.eriksson245@icloud.com,+72-151-7961108,Norway,Oslo,2025-09-04,free,0.0
917,Magnus,Eriksson,magnus.eriksson175@gmail.com,+91-641-7066027,USA,Austin,2021-10-29,starter,279.66
918,Lars,Müller,lars.müller14@outlook.com,+41-715-3589300,UK,Edinburgh,2022-10-11,starter,88.06
919,Freya,Eriksson,freya.eriksson819@proton.me,+40-123-2568056,Germany,Munich,2024-06-28,enterprise,254.29
920,Lars,Johansson,,+89-595-5089124,UK,Manchester,2021-02-09,starter,227.46
921,Emma,Persson,emma.persson518@gmail.com,+93-852-3077984,Germany,Hamburg,2023-02-11,starter,346.69
922,Ava,Jones,ava.jones835@outlook.com,+73-127-2722697,Japan,Osaka,2025-10-24,pro,495.49
923,Noah,Karlsson,noah.karlsson85@proton.me,+81-354-1612559,France,Paris,2021-12-21,starter,254.41
924,Lars,Jones,lars.jones488@proton.me,+75-155-3241067,Sweden,Stockholm,2024-03-04,starter,199.43
925,William,Johnson,william.johnson160@icloud.com,+39-755-2314480,Germany,Berlin,2025-10-20,enterprise,409.86
926,Isabella,Nilsson,isabella.nilsson532@outlook.com,+14-352-8795167,Finland,Tampere,2020-09-24,pro,429.41
927,Charlotte,Suzuki,,+29-507-7682780,Germany,Munich,2021-03-04,enterprise,8.43
928,Olivia,Müller,olivia.müller479@gmail.com,+75-248-6070236,Germany,Hamburg,2021-04-21,pro,238.41
929,Charlotte,Eriksson,charlotte.eriksson154@outlook.com,+53-923-4146402,Sweden,Uppsala,2023-08-24,free,0.0
930,Erik,Müller,erik.müller547@gmail.com,+22-934-2578755,Canada,Montreal,2022-06-23,free,0.0
931,Amelia,Andersson,,+37-307-5343099,Sweden,Stockholm,2024-12-20,pro,113.91
932,Olivia,Johnson,olivia.johnson606@outlook.com,+40-977-1838611,UK,Birmingham,2022-02-05,free,0.0
933,Sven,Schmidt,sven.schmidt371@icloud.com,+1-138-8140543,Sweden,Stockholm,2025-03-24,free,0.0
934,Elias,Andersson,elias.andersson29@gmail.com,+18-470-8416107,USA,Chicago,2021-10-23,free,0.0
935,Liam,Larsson,liam.larsson480@gmail.com,+75-287-1869721,USA,San Francisco,2021-04-18,free,0.0
936,Amelia,Johansson,amelia.johansson314@outlook.com,+93-656-2055178,Canada,Montreal,2025-08-20,pro,148.51
937,Emma,Larsson,emma.larsson565@gmail.com,+57-998-4117877,France,Marseille,2021-03-01,enterprise,437.56
938,Liam,Fischer,liam.fischer845@icloud.com,+64-886-6903002,UK,London,2024-10-15,enterprise,328.44
939,Sophia,Schmidt,sophia.schmidt282@gmail.com,+2-438-1343102,UK,Edinburgh,2023-07-13,free,0.0
940,Lars,Jones,lars.jones656@yahoo.com,+61-308-1414734,USA,New York,2024-07-21,starter,423.75
941,Ingrid,Karlsson,ingrid.karlsson536@icloud.com,+13-833-9916745,Canada,Montreal,2025-12-06,pro,169.72
942,Freya,Johansson,freya.johansson414@proton.me,+74-528-8654509,Denmark,Copenhagen,2022-02-28,free,0.0
943,Oliver,Brown,oliver.brown747@gmail.com,+12-191-3442360,UK,London,2024-07-12,starter,431.8
944,Olivia,Schmidt,olivia.schmidt373@yahoo.com,+90-813-3262745,Norway,Bergen,2022-10-21,free,0.0
945,Noah,Karlsson,noah.karlsson968@yahoo.com,+80-171-5751352,Sweden,Stockholm,2023-01-04,starter,275.34
946,William,Watanabe,william.watanabe464@gmail.com,+90-485-8205209,USA,Austin,2024-02-14,starter,77.85
947,Erik,Garcia,erik.garcia973@icloud.com,,Canada,Toronto,2020-03-13,enterprise,358.1
948,Noah,Tanaka,noah.tanaka598@proton.me,+90-959-2714049,Finland,Tampere,2024-05-01,free,0.0
949,Olivia,Jones,olivia.jones107@proton.me,+83-115-6074030,USA,San Francisco,2022-06-18,starter,258.9
950,Sophia,Jones,sophia.jones259@outlook.com,+79-947-6608716,Germany,Munich,2023-02-08,enterprise,181.55
951,Erik,Brown,erik.brown688@outlook.com,+75-382-1548129,Denmark,Odense,2020-01-17,starter,283.29
952,Sophia,Suzuki,sophia.suzuki388@yahoo.com,+93-424-1642683,USA,Chicago,2023-12-12,free,0.0
953,William,Suzuki,william.suzuki606@icloud.com,+93-941-3783700,Japan,Tokyo,2023-07-30,enterprise,262.18
954,Mia,Garcia,mia.garcia708@yahoo.com,+11-870-6351986,Norway,Trondheim,2025-11-12,enterprise,6.19
955,Freya,Persson,,+53-339-8187515,Japan,Tokyo,2022-07-07,free,0.0
956,William,Takahashi,william.takahashi161@gmail.com,+29-627-7004935,USA,New York,2023-08-21,enterprise,133.4
957,Liam,Schneider,liam.schneider670@proton.me,+54-777-4533631,Sweden,Malmö,2021-12-23,enterprise,45.24
958,Elias,Watanabe,elias.watanabe569@proton.me,+81-403-3608389,UK,Birmingham,2020-05-26,enterprise,466.49
959,Astrid,Müller,astrid.müller916@gmail.com,+35-281-9819938,France,Lyon,2020-07-21,free,0.0
960,Oliver,Schmidt,oliver.schmidt471@gmail.com,+38-352-4810066,France,Paris,2022-05-18,free,0.0
961,Mia,Jones,mia.jones686@yahoo.com,+43-865-2239497,USA,New York,2025-08-29,pro,202.17
962,Elias,Jones,,+51-368-6921015,Canada,Montreal,2023-03-13,enterprise,237.12
963,Erik,Nilsson,erik.nilsson936@yahoo.com,+70-857-6993149,Denmark,Copenhagen,2022-06-30,pro,146.5
964,Noah,Schneider,,+84-223-4925203,France,Lyon,2022-06-24,enterprise,89.05
965,Astrid,Karlsson,astrid.karlsson496@proton.me,+12-899-6217782,Norway,Oslo,2025-11-22,enterprise,173.58
966,Noah,Williams,,+65-209-1761943,Norway,Trondheim,2020-04-10,starter,74.89
967,Elias,Miller,elias.miller112@proton.me,+10-606-3286043,Germany,Hamburg,2021-04-11,starter,371.09
968,Lars,Larsson,lars.larsson687@yahoo.com,+28-144-9973745,Norway,Bergen,2023-12-17,free,0.0
969,Ingrid,Olsson,ingrid.olsson773@icloud.com,+66-388-3195664,UK,London,2021-08-31,starter,448.62
970,Noah,Jones,noah.jones989@gmail.com,+77-485-3206673,Denmark,Odense,2023-04-03,starter,309.34
971,Elias,Olsson,elias.olsson411@proton.me,+8-832-9961502,USA,San Francisco,2025-07-07,enterprise,2.39
972,Isabella,Smith,isabella.smith338@proton.me,+24-888-7420288,Norway,Trondheim,2020-02-16,enterprise,98.48
973,Isabella,Müller,isabella.müller775@icloud.com,+46-895-9940754,Sweden,Gothenburg,2021-05-26,pro,466.46
974,Liam,Johnson,liam.johnson292@gmail.com,+8-980-9193106,Finland,Espoo,2021-08-05,pro,196.89
975,Lars,Garcia,lars.garcia438@yahoo.com,+72-153-4801829,USA,New York,2022-01-18,pro,362.83
976,Lucas,Miller,lucas.miller599@proton.me,+56-968-3072042,Germany,Munich,2020-12-01,free,0.0
977,Lucas,Johansson,lucas.johansson53@proton.me,,France,Toulouse,2023-02-05,pro,180.04
978,Emma,Olsson,emma.olsson150@gmail.com,+87-424-9280046,France,Paris,2022-12-20,enterprise,328.78
979,Ava,Watanabe,ava.watanabe375@gmail.com,+12-183-9298344,Germany,Hamburg,2023-09-18,enterprise,268.61
980,Freya,Schmidt,freya.schmidt503@proton.me,+34-676-6567828,Canada,Toronto,2023-09-25,starter,416.91
981,Astrid,Miller,astrid.miller755@gmail.com,+78-198-2925740,Japan,Tokyo,2020-03-13,pro,136.55
982,Astrid,Jones,astrid.jones915@outlook.com,+70-706-9560913,Canada,Montreal,2022-07-20,free,0.0
983,Ava,Schneider,ava.schneider473@proton.me,+37-695-2438094,Japan,Osaka,2021-01-16,enterprise,364.49
984,Ingrid,Persson,ingrid.persson711@proton.me,+6-255-1522673,Sweden,Stockholm,2024-08-06,starter,328.75
985,Noah,Smith,noah.smith954@gmail.com,+48-121-4647777,USA,San Francisco,2020-06-05,starter,217.97
986,Amelia,Takahashi,amelia.takahashi408@icloud.com,+40-257-9132368,Denmark,Aarhus,2020-11-27,free,0.0
987,Magnus,Watanabe,magnus.watanabe806@gmail.com,+44-217-9608811,France,Lyon,2025-02-04,starter,77.18
988,Astrid,Smith,astrid.smith637@icloud.com,+4-290-3277300,Denmark,Odense,2025-01-01,starter,468.96
989,Olivia,Karlsson,olivia.karlsson737@yahoo.com,+22-488-7905314,Denmark,Copenhagen,2022-02-07,free,0.0
990,Noah,Andersson,noah.andersson616@icloud.com,+77-936-8386253,Germany,Hamburg,2020-06-10,starter,136.01
991,Emma,Davis,emma.davis987@gmail.com,+91-932-3573224,Denmark,Odense,2025-03-08,pro,477.87
992,Linnea,Schneider,linnea.schneider745@gmail.com,+67-703-8943161,UK,London,2024-10-13,starter,367.29
993,Oliver,Miller,oliver.miller905@proton.me,+21-717-8353355,Sweden,Malmö,2023-04-24,free,0.0
994,William,Schmidt,william.schmidt325@icloud.com,+82-923-3809834,Norway,Trondheim,2021-08-24,free,0.0
995,William,Larsson,william.larsson372@yahoo.com,+54-821-3992745,Denmark,Odense,2022-12-18,enterprise,35.03
996,Freya,Persson,freya.persson106@outlook.com,+11-512-7730717,Finland,Tampere,2023-07-01,free,0.0
997,Oliver,Davis,oliver.davis55@proton.me,+38-168-7002310,Denmark,Copenhagen,2024-07-01,free,0.0
998,Noah,Johnson,noah.johnson288@icloud.com,+64-129-3206982,Germany,Hamburg,2025-08-08,enterprise,206.74
999,Lars,Persson,lars.persson960@proton.me,+6-763-3773139,Denmark,Aarhus,2022-05-26,free,0.0
1000,Charlotte,Takahashi,charlotte.takahashi891@proton.me,+84-516-9492380,Finland,Espoo,2021-07-09,enterprise,473.19
